,0,1,GL_ARB_viewport_array,glViewportArrayv,0 2 0.000000,3.986,
,1,1,GL_ARB_shader_objects,glUseProgram,1,3.405,
,2,1,GL_ARB_multitexture,glActiveTexture,GL_TEXTURE0,2.436,
,3,1,OpenGL_1.1,glBindTexture,GL_TEXTURE_2D 1,1.722,
,4,1,GL_ARB_framebuffer_object,glBindFramebuffer,GL_DRAW_FRAMEBUFFER 1,4.566,
,5,1,GL_ARB_shader_objects,glUniformMatrix4fv,1 1 GL_FALSE  0x2276370 Value: 1.666667,4.353,
,6,1,GL_ARB_shader_objects,glUniformMatrix4fv,2 1 GL_FALSE  0x2276430 Value: 3.333333,1.25,
,7,1,GL_ARB_vertex_array_object,glBindVertexArray,1,1.352,
,8,1,OpenGL_1.0,glEnable,GL_DEPTH_TEST,1.002,
,9,1,OpenGL_1.0,glClearColor,0.400000 0.200000 1.000000 1.000000,1.792,
,10,1,OpenGL_1.0,glClear,GL_DEPTH_BUFFER_BIT | GL_COLOR_BUFFER_BIT,34.608,
,11,2,GL_ARB_shader_objects,glUniformMatrix4fv,0 1 GL_FALSE  0x2276680 Value: -0.985604,2.655,
,12,2,OpenGL_1.1,glDrawArrays,GL_TRIANGLES 0 36,45.308,
,13,3,GL_ARB_shader_objects,glUniformMatrix4fv,0 1 GL_FALSE  0x22767a0 Value: -0.985604,2.168,
,14,3,OpenGL_1.1,glDrawArrays,GL_TRIANGLES 0 36,1.958,
,15,4,GL_ARB_shader_objects,glUniformMatrix4fv,0 1 GL_FALSE  0x22768c0 Value: -0.985604,1.283,
,16,4,OpenGL_1.1,glDrawArrays,GL_TRIANGLES 0 36,1.121,
,17,5,GL_ARB_shader_objects,glUniformMatrix4fv,0 1 GL_FALSE  0x2206060 Value: -0.985604,1.226,
,18,5,OpenGL_1.1,glDrawArrays,GL_TRIANGLES 0 36,0.974,
,19,6,GL_ARB_shader_objects,glUniformMatrix4fv,0 1 GL_FALSE  0x2206140 Value: -0.985604,1.237,
,20,6,OpenGL_1.1,glDrawArrays,GL_TRIANGLES 0 36,0.96,
,21,7,GL_ARB_shader_objects,glUniformMatrix4fv,0 1 GL_FALSE  0x2206260 Value: -0.985604,1.249,
,22,7,OpenGL_1.1,glDrawArrays,GL_TRIANGLES 0 36,0.951,
,23,8,GL_ARB_shader_objects,glUniformMatrix4fv,0 1 GL_FALSE  0x2206380 Value: -0.985604,1.243,
,24,8,OpenGL_1.1,glDrawArrays,GL_TRIANGLES 0 36,0.97,
,25,9,GL_ARB_shader_objects,glUniformMatrix4fv,0 1 GL_FALSE  0x22064a0 Value: -0.985604,1.25,
,26,9,OpenGL_1.1,glDrawArrays,GL_TRIANGLES 0 36,0.98,
,27,10,GL_ARB_shader_objects,glUniformMatrix4fv,0 1 GL_FALSE  0x22065c0 Value: -0.985604,1.248,
,28,10,OpenGL_1.1,glDrawArrays,GL_TRIANGLES 0 36,0.96,
,29,11,GL_ARB_shader_objects,glUniformMatrix4fv,0 1 GL_FALSE  0x22066e0 Value: -0.985604,1.242,
,30,11,OpenGL_1.1,glDrawArrays,GL_TRIANGLES 0 36,0.952,
,31,12,GL_ARB_shader_objects,glUniformMatrix4fv,0 1 GL_FALSE  0x2206800 Value: -0.985604,1.248,
,32,12,OpenGL_1.1,glDrawArrays,GL_TRIANGLES 0 36,0.958,
,33,13,GL_ARB_shader_objects,glUniformMatrix4fv,0 1 GL_FALSE  0x2206920 Value: -0.985604,1.245,
,34,13,OpenGL_1.1,glDrawArrays,GL_TRIANGLES 0 36,0.99,
,35,14,GL_ARB_shader_objects,glUniformMatrix4fv,0 1 GL_FALSE  0x2206a40 Value: -0.985604,1.244,
,36,14,OpenGL_1.1,glDrawArrays,GL_TRIANGLES 0 36,0.956,
,37,15,GL_ARB_shader_objects,glUniformMatrix4fv,0 1 GL_FALSE  0x2206b60 Value: -0.985604,1.254,
,38,15,OpenGL_1.1,glDrawArrays,GL_TRIANGLES 0 36,0.954,
,39,16,GL_ARB_shader_objects,glUniformMatrix4fv,0 1 GL_FALSE  0x2206c80 Value: -0.985604,1.242,
,40,16,OpenGL_1.1,glDrawArrays,GL_TRIANGLES 0 36,0.951,
,41,17,GL_ARB_shader_objects,glUniformMatrix4fv,0 1 GL_FALSE  0x2206da0 Value: -0.985604,1.252,
,42,17,OpenGL_1.1,glDrawArrays,GL_TRIANGLES 0 36,0.999,
,43,18,GL_ARB_shader_objects,glUniformMatrix4fv,0 1 GL_FALSE  0x2206ec0 Value: -0.985604,1.214,
,44,18,OpenGL_1.1,glDrawArrays,GL_TRIANGLES 0 36,0.957,
,45,19,GL_ARB_shader_objects,glUniformMatrix4fv,0 1 GL_FALSE  0x2206fe0 Value: -0.985604,1.232,
,46,19,OpenGL_1.1,glDrawArrays,GL_TRIANGLES 0 36,0.957,
,47,20,GL_ARB_shader_objects,glUniformMatrix4fv,0 1 GL_FALSE  0x2207100 Value: -0.985604,1.234,
,48,20,OpenGL_1.1,glDrawArrays,GL_TRIANGLES 0 36,0.954,
,49,21,GL_ARB_shader_objects,glUniformMatrix4fv,0 1 GL_FALSE  0x2207220 Value: -0.985604,1.244,
,50,21,OpenGL_1.1,glDrawArrays,GL_TRIANGLES 0 36,0.947,
,51,22,GL_ARB_shader_objects,glUniformMatrix4fv,0 1 GL_FALSE  0x2207340 Value: -0.985604,1.228,
,52,22,OpenGL_1.1,glDrawArrays,GL_TRIANGLES 0 36,0.942,
,53,23,GL_ARB_shader_objects,glUniformMatrix4fv,0 1 GL_FALSE  0x2207460 Value: -0.985604,1.229,
,54,23,OpenGL_1.1,glDrawArrays,GL_TRIANGLES 0 36,0.966,
,55,24,GL_ARB_shader_objects,glUniformMatrix4fv,0 1 GL_FALSE  0x2207580 Value: -0.985604,1.24,
,56,24,OpenGL_1.1,glDrawArrays,GL_TRIANGLES 0 36,0.952,
,57,25,GL_ARB_shader_objects,glUniformMatrix4fv,0 1 GL_FALSE  0x22076a0 Value: -0.985604,1.23,
,58,25,OpenGL_1.1,glDrawArrays,GL_TRIANGLES 0 36,0.944,
,59,26,GL_ARB_shader_objects,glUniformMatrix4fv,0 1 GL_FALSE  0x22077c0 Value: -0.985604,1.24,
,60,26,OpenGL_1.1,glDrawArrays,GL_TRIANGLES 0 36,0.952,
,61,27,GL_ARB_shader_objects,glUniformMatrix4fv,0 1 GL_FALSE  0x22078e0 Value: -0.985604,1.24,
,62,27,OpenGL_1.1,glDrawArrays,GL_TRIANGLES 0 36,0.969,
,63,28,GL_ARB_shader_objects,glUniformMatrix4fv,0 1 GL_FALSE  0x2207a00 Value: -0.985604,1.241,
,64,28,OpenGL_1.1,glDrawArrays,GL_TRIANGLES 0 36,0.95,
,65,29,GL_ARB_shader_objects,glUniformMatrix4fv,0 1 GL_FALSE  0x2207b20 Value: -0.985604,1.253,
,66,29,OpenGL_1.1,glDrawArrays,GL_TRIANGLES 0 36,0.962,
,67,30,GL_ARB_shader_objects,glUniformMatrix4fv,0 1 GL_FALSE  0x2207c40 Value: -0.985604,1.24,
,68,30,OpenGL_1.1,glDrawArrays,GL_TRIANGLES 0 36,0.953,
,69,31,GL_ARB_shader_objects,glUniformMatrix4fv,0 1 GL_FALSE  0x2207d60 Value: -0.985604,1.239,
,70,31,OpenGL_1.1,glDrawArrays,GL_TRIANGLES 0 36,0.966,
,71,32,GL_ARB_shader_objects,glUniformMatrix4fv,0 1 GL_FALSE  0x2207e80 Value: -0.985604,1.237,
,72,32,OpenGL_1.1,glDrawArrays,GL_TRIANGLES 0 36,0.953,
,73,33,GL_ARB_shader_objects,glUniformMatrix4fv,0 1 GL_FALSE  0x2207fa0 Value: -0.985604,1.249,
,74,33,OpenGL_1.1,glDrawArrays,GL_TRIANGLES 0 36,0.946,
,75,34,GL_ARB_shader_objects,glUniformMatrix4fv,0 1 GL_FALSE  0x22080c0 Value: -0.985604,1.234,
,76,34,OpenGL_1.1,glDrawArrays,GL_TRIANGLES 0 36,0.954,
,77,35,GL_ARB_shader_objects,glUniformMatrix4fv,0 1 GL_FALSE  0x22081e0 Value: -0.985604,1.233,
,78,35,OpenGL_1.1,glDrawArrays,GL_TRIANGLES 0 36,0.953,
,79,36,GL_ARB_shader_objects,glUniformMatrix4fv,0 1 GL_FALSE  0x2208300 Value: -0.985604,1.241,
,80,36,OpenGL_1.1,glDrawArrays,GL_TRIANGLES 0 36,0.95,
,81,37,GL_ARB_shader_objects,glUniformMatrix4fv,0 1 GL_FALSE  0x2208420 Value: -0.985604,1.247,
,82,37,OpenGL_1.1,glDrawArrays,GL_TRIANGLES 0 36,0.949,
,83,38,GL_ARB_shader_objects,glUniformMatrix4fv,0 1 GL_FALSE  0x2208540 Value: -0.985604,1.237,
,84,38,OpenGL_1.1,glDrawArrays,GL_TRIANGLES 0 36,0.951,
,85,39,GL_ARB_shader_objects,glUniformMatrix4fv,0 1 GL_FALSE  0x2208660 Value: -0.985604,1.266,
,86,39,OpenGL_1.1,glDrawArrays,GL_TRIANGLES 0 36,0.953,
,87,40,GL_ARB_shader_objects,glUniformMatrix4fv,0 1 GL_FALSE  0x2208780 Value: -0.985604,1.248,
,88,40,OpenGL_1.1,glDrawArrays,GL_TRIANGLES 0 36,0.95,
,89,41,GL_ARB_shader_objects,glUniformMatrix4fv,0 1 GL_FALSE  0x22088a0 Value: -0.985604,1.237,
,90,41,OpenGL_1.1,glDrawArrays,GL_TRIANGLES 0 36,0.95,
,91,42,GL_ARB_shader_objects,glUniformMatrix4fv,0 1 GL_FALSE  0x22089c0 Value: -0.985604,1.228,
,92,42,OpenGL_1.1,glDrawArrays,GL_TRIANGLES 0 36,0.952,
,93,43,GL_ARB_shader_objects,glUniformMatrix4fv,0 1 GL_FALSE  0x2208ae0 Value: -0.985604,1.245,
,94,43,OpenGL_1.1,glDrawArrays,GL_TRIANGLES 0 36,0.971,
,95,44,GL_ARB_shader_objects,glUniformMatrix4fv,0 1 GL_FALSE  0x2208c00 Value: -0.985604,1.236,
,96,44,OpenGL_1.1,glDrawArrays,GL_TRIANGLES 0 36,0.951,
,97,45,GL_ARB_shader_objects,glUniformMatrix4fv,0 1 GL_FALSE  0x2208d20 Value: -0.985604,1.235,
,98,45,OpenGL_1.1,glDrawArrays,GL_TRIANGLES 0 36,0.942,
,99,46,GL_ARB_shader_objects,glUniformMatrix4fv,0 1 GL_FALSE  0x2208e40 Value: -0.985604,1.24,
,100,46,OpenGL_1.1,glDrawArrays,GL_TRIANGLES 0 36,0.954,
,101,47,GL_ARB_shader_objects,glUniformMatrix4fv,0 1 GL_FALSE  0x22096d0 Value: -0.985604,1.238,
,102,47,OpenGL_1.1,glDrawArrays,GL_TRIANGLES 0 36,0.96,
,103,48,GL_ARB_shader_objects,glUniformMatrix4fv,0 1 GL_FALSE  0x2209cb0 Value: -0.985604,1.227,
,104,48,OpenGL_1.1,glDrawArrays,GL_TRIANGLES 0 36,0.952,
,105,49,GL_ARB_shader_objects,glUniformMatrix4fv,0 1 GL_FALSE  0x2209dd0 Value: -0.985604,1.245,
,106,49,OpenGL_1.1,glDrawArrays,GL_TRIANGLES 0 36,0.943,
,107,50,GL_ARB_shader_objects,glUniformMatrix4fv,0 1 GL_FALSE  0x2209ef0 Value: -0.985604,1.225,
,108,50,OpenGL_1.1,glDrawArrays,GL_TRIANGLES 0 36,0.948,
,109,51,GL_ARB_shader_objects,glUniformMatrix4fv,0 1 GL_FALSE  0x220a010 Value: -0.985604,1.236,
,110,51,OpenGL_1.1,glDrawArrays,GL_TRIANGLES 0 36,0.974,
,111,52,GL_ARB_shader_objects,glUniformMatrix4fv,0 1 GL_FALSE  0x220a130 Value: -0.985604,1.241,
,112,52,OpenGL_1.1,glDrawArrays,GL_TRIANGLES 0 36,0.951,
,113,53,GL_ARB_shader_objects,glUniformMatrix4fv,0 1 GL_FALSE  0x220a250 Value: -0.985604,1.245,
,114,53,OpenGL_1.1,glDrawArrays,GL_TRIANGLES 0 36,0.969,
,115,54,GL_ARB_shader_objects,glUniformMatrix4fv,0 1 GL_FALSE  0x220a370 Value: -0.985604,1.238,
,116,54,OpenGL_1.1,glDrawArrays,GL_TRIANGLES 0 36,0.951,
,117,55,GL_ARB_shader_objects,glUniformMatrix4fv,0 1 GL_FALSE  0x220a490 Value: -0.985604,1.226,
,118,55,OpenGL_1.1,glDrawArrays,GL_TRIANGLES 0 36,0.943,
,119,56,GL_ARB_shader_objects,glUniformMatrix4fv,0 1 GL_FALSE  0x220a5b0 Value: -0.985604,1.238,
,120,56,OpenGL_1.1,glDrawArrays,GL_TRIANGLES 0 36,0.955,
,121,57,GL_ARB_shader_objects,glUniformMatrix4fv,0 1 GL_FALSE  0x220a6d0 Value: -0.985604,1.24,
,122,57,OpenGL_1.1,glDrawArrays,GL_TRIANGLES 0 36,0.975,
,123,58,GL_ARB_shader_objects,glUniformMatrix4fv,0 1 GL_FALSE  0x220ada0 Value: -0.985604,1.236,
,124,58,OpenGL_1.1,glDrawArrays,GL_TRIANGLES 0 36,0.965,
,125,59,GL_ARB_shader_objects,glUniformMatrix4fv,0 1 GL_FALSE  0x220aea0 Value: -0.985604,1.244,
,126,59,OpenGL_1.1,glDrawArrays,GL_TRIANGLES 0 36,0.958,
,127,60,GL_ARB_shader_objects,glUniformMatrix4fv,0 1 GL_FALSE  0x220afc0 Value: -0.985604,1.231,
,128,60,OpenGL_1.1,glDrawArrays,GL_TRIANGLES 0 36,0.942,
,129,61,GL_ARB_shader_objects,glUniformMatrix4fv,0 1 GL_FALSE  0x220b0e0 Value: -0.985604,1.234,
,130,61,OpenGL_1.1,glDrawArrays,GL_TRIANGLES 0 36,0.952,
,131,62,GL_ARB_shader_objects,glUniformMatrix4fv,0 1 GL_FALSE  0x220b200 Value: -0.985604,1.227,
,132,62,OpenGL_1.1,glDrawArrays,GL_TRIANGLES 0 36,0.965,
,133,63,GL_ARB_shader_objects,glUniformMatrix4fv,0 1 GL_FALSE  0x220b320 Value: -0.985604,1.227,
,134,63,OpenGL_1.1,glDrawArrays,GL_TRIANGLES 0 36,0.953,
,135,64,GL_ARB_shader_objects,glUniformMatrix4fv,0 1 GL_FALSE  0x220b440 Value: -0.985604,1.238,
,136,64,OpenGL_1.1,glDrawArrays,GL_TRIANGLES 0 36,0.95,
,137,65,GL_ARB_shader_objects,glUniformMatrix4fv,0 1 GL_FALSE  0x220b560 Value: -0.985604,1.249,
,138,65,OpenGL_1.1,glDrawArrays,GL_TRIANGLES 0 36,0.949,
,139,66,GL_ARB_shader_objects,glUniformMatrix4fv,0 1 GL_FALSE  0x220b680 Value: -0.985604,1.232,
,140,66,OpenGL_1.1,glDrawArrays,GL_TRIANGLES 0 36,0.971,
,141,67,GL_ARB_shader_objects,glUniformMatrix4fv,0 1 GL_FALSE  0x220b7a0 Value: -0.985604,1.24,
,142,67,OpenGL_1.1,glDrawArrays,GL_TRIANGLES 0 36,0.968,
,143,68,GL_ARB_shader_objects,glUniformMatrix4fv,0 1 GL_FALSE  0x220b8c0 Value: -0.985604,1.235,
,144,68,OpenGL_1.1,glDrawArrays,GL_TRIANGLES 0 36,0.952,
,145,69,GL_ARB_shader_objects,glUniformMatrix4fv,0 1 GL_FALSE  0x220b9e0 Value: -0.985604,1.235,
,146,69,OpenGL_1.1,glDrawArrays,GL_TRIANGLES 0 36,0.941,
,147,70,GL_ARB_shader_objects,glUniformMatrix4fv,0 1 GL_FALSE  0x220bb00 Value: -0.985604,1.234,
,148,70,OpenGL_1.1,glDrawArrays,GL_TRIANGLES 0 36,0.954,
,149,71,GL_ARB_shader_objects,glUniformMatrix4fv,0 1 GL_FALSE  0x220bc20 Value: -0.985604,1.229,
,150,71,OpenGL_1.1,glDrawArrays,GL_TRIANGLES 0 36,0.959,
,151,72,GL_ARB_shader_objects,glUniformMatrix4fv,0 1 GL_FALSE  0x220bd40 Value: -0.985604,1.234,
,152,72,OpenGL_1.1,glDrawArrays,GL_TRIANGLES 0 36,0.956,
,153,73,GL_ARB_shader_objects,glUniformMatrix4fv,0 1 GL_FALSE  0x220be60 Value: -0.985604,1.234,
,154,73,OpenGL_1.1,glDrawArrays,GL_TRIANGLES 0 36,0.941,
,155,74,GL_ARB_shader_objects,glUniformMatrix4fv,0 1 GL_FALSE  0x220bf80 Value: -0.985604,1.269,
,156,74,OpenGL_1.1,glDrawArrays,GL_TRIANGLES 0 36,0.96,
,157,75,GL_ARB_shader_objects,glUniformMatrix4fv,0 1 GL_FALSE  0x220c0a0 Value: -0.985604,1.267,
,158,75,OpenGL_1.1,glDrawArrays,GL_TRIANGLES 0 36,0.974,
,159,76,GL_ARB_shader_objects,glUniformMatrix4fv,0 1 GL_FALSE  0x220c1c0 Value: -0.985604,1.234,
,160,76,OpenGL_1.1,glDrawArrays,GL_TRIANGLES 0 36,0.975,
,161,77,GL_ARB_shader_objects,glUniformMatrix4fv,0 1 GL_FALSE  0x220c2e0 Value: -0.985604,1.236,
,162,77,OpenGL_1.1,glDrawArrays,GL_TRIANGLES 0 36,0.964,
,163,78,GL_ARB_shader_objects,glUniformMatrix4fv,0 1 GL_FALSE  0x220c400 Value: -0.985604,1.234,
,164,78,OpenGL_1.1,glDrawArrays,GL_TRIANGLES 0 36,0.953,
,165,79,GL_ARB_shader_objects,glUniformMatrix4fv,0 1 GL_FALSE  0x220c520 Value: -0.985604,1.236,
,166,79,OpenGL_1.1,glDrawArrays,GL_TRIANGLES 0 36,0.963,
,167,80,GL_ARB_shader_objects,glUniformMatrix4fv,0 1 GL_FALSE  0x220c640 Value: -0.985604,1.235,
,168,80,OpenGL_1.1,glDrawArrays,GL_TRIANGLES 0 36,0.954,
,169,81,GL_ARB_shader_objects,glUniformMatrix4fv,0 1 GL_FALSE  0x220c760 Value: -0.985604,1.245,
,170,81,OpenGL_1.1,glDrawArrays,GL_TRIANGLES 0 36,0.948,
,171,82,GL_ARB_shader_objects,glUniformMatrix4fv,0 1 GL_FALSE  0x220c880 Value: -0.985604,1.235,
,172,82,OpenGL_1.1,glDrawArrays,GL_TRIANGLES 0 36,0.952,
,173,83,GL_ARB_shader_objects,glUniformMatrix4fv,0 1 GL_FALSE  0x220c9a0 Value: -0.985604,1.238,
,174,83,OpenGL_1.1,glDrawArrays,GL_TRIANGLES 0 36,0.94,
,175,84,GL_ARB_shader_objects,glUniformMatrix4fv,0 1 GL_FALSE  0x220cac0 Value: -0.985604,1.23,
,176,84,OpenGL_1.1,glDrawArrays,GL_TRIANGLES 0 36,0.956,
,177,85,GL_ARB_shader_objects,glUniformMatrix4fv,0 1 GL_FALSE  0x220cbe0 Value: -0.985604,1.233,
,178,85,OpenGL_1.1,glDrawArrays,GL_TRIANGLES 0 36,0.96,
,179,86,GL_ARB_shader_objects,glUniformMatrix4fv,0 1 GL_FALSE  0x220cd00 Value: -0.985604,1.226,
,180,86,OpenGL_1.1,glDrawArrays,GL_TRIANGLES 0 36,0.953,
,181,87,GL_ARB_shader_objects,glUniformMatrix4fv,0 1 GL_FALSE  0x220ce20 Value: -0.985604,1.245,
,182,87,OpenGL_1.1,glDrawArrays,GL_TRIANGLES 0 36,0.95,
,183,88,GL_ARB_shader_objects,glUniformMatrix4fv,0 1 GL_FALSE  0x220cf40 Value: -0.985604,1.239,
,184,88,OpenGL_1.1,glDrawArrays,GL_TRIANGLES 0 36,0.952,
,185,89,GL_ARB_shader_objects,glUniformMatrix4fv,0 1 GL_FALSE  0x220d060 Value: -0.985604,1.231,
,186,89,OpenGL_1.1,glDrawArrays,GL_TRIANGLES 0 36,0.966,
,187,90,GL_ARB_shader_objects,glUniformMatrix4fv,0 1 GL_FALSE  0x220d180 Value: -0.985604,1.26,
,188,90,OpenGL_1.1,glDrawArrays,GL_TRIANGLES 0 36,0.951,
,189,91,GL_ARB_shader_objects,glUniformMatrix4fv,0 1 GL_FALSE  0x220d2a0 Value: -0.985604,1.241,
,190,91,OpenGL_1.1,glDrawArrays,GL_TRIANGLES 0 36,0.956,
,191,92,GL_ARB_shader_objects,glUniformMatrix4fv,0 1 GL_FALSE  0x220d3c0 Value: -0.985604,1.229,
,192,92,OpenGL_1.1,glDrawArrays,GL_TRIANGLES 0 36,0.959,
,193,93,GL_ARB_shader_objects,glUniformMatrix4fv,0 1 GL_FALSE  0x220d4e0 Value: -0.985604,1.243,
,194,93,OpenGL_1.1,glDrawArrays,GL_TRIANGLES 0 36,0.955,
,195,94,GL_ARB_shader_objects,glUniformMatrix4fv,0 1 GL_FALSE  0x220d600 Value: -0.985604,1.234,
,196,94,OpenGL_1.1,glDrawArrays,GL_TRIANGLES 0 36,0.955,
,197,95,GL_ARB_shader_objects,glUniformMatrix4fv,0 1 GL_FALSE  0x220d720 Value: -0.985604,1.239,
,198,95,OpenGL_1.1,glDrawArrays,GL_TRIANGLES 0 36,0.952,
,199,96,GL_ARB_shader_objects,glUniformMatrix4fv,0 1 GL_FALSE  0x220d840 Value: -0.985604,1.241,
,200,96,OpenGL_1.1,glDrawArrays,GL_TRIANGLES 0 36,0.954,
,201,97,GL_ARB_shader_objects,glUniformMatrix4fv,0 1 GL_FALSE  0x220d9a0 Value: -0.985604,1.24,
,202,97,OpenGL_1.1,glDrawArrays,GL_TRIANGLES 0 36,0.951,
,203,98,GL_ARB_shader_objects,glUniformMatrix4fv,0 1 GL_FALSE  0x220da80 Value: -0.985604,1.236,
,204,98,OpenGL_1.1,glDrawArrays,GL_TRIANGLES 0 36,0.955,
,205,99,GL_ARB_shader_objects,glUniformMatrix4fv,0 1 GL_FALSE  0x220dbb0 Value: -0.985604,1.247,
,206,99,OpenGL_1.1,glDrawArrays,GL_TRIANGLES 0 36,0.963,
,207,100,GL_ARB_shader_objects,glUniformMatrix4fv,0 1 GL_FALSE  0x220dcd0 Value: -0.985604,1.234,
,208,100,OpenGL_1.1,glDrawArrays,GL_TRIANGLES 0 36,0.956,
,209,101,GL_ARB_shader_objects,glUniformMatrix4fv,0 1 GL_FALSE  0x220ddf0 Value: -0.985604,1.242,
,210,101,OpenGL_1.1,glDrawArrays,GL_TRIANGLES 0 36,0.953,
,211,102,GL_ARB_shader_objects,glUniformMatrix4fv,0 1 GL_FALSE  0x220df10 Value: -0.985604,1.235,
,212,102,OpenGL_1.1,glDrawArrays,GL_TRIANGLES 0 36,0.955,
,213,103,GL_ARB_shader_objects,glUniformMatrix4fv,0 1 GL_FALSE  0x220e030 Value: -0.985604,1.252,
,214,103,OpenGL_1.1,glDrawArrays,GL_TRIANGLES 0 36,0.947,
,215,104,GL_ARB_shader_objects,glUniformMatrix4fv,0 1 GL_FALSE  0x220e150 Value: -0.985604,1.236,
,216,104,OpenGL_1.1,glDrawArrays,GL_TRIANGLES 0 36,0.965,
,217,105,GL_ARB_shader_objects,glUniformMatrix4fv,0 1 GL_FALSE  0x220e270 Value: -0.985604,1.243,
,218,105,OpenGL_1.1,glDrawArrays,GL_TRIANGLES 0 36,0.954,
,219,106,GL_ARB_shader_objects,glUniformMatrix4fv,0 1 GL_FALSE  0x220e390 Value: -0.985604,1.241,
,220,106,OpenGL_1.1,glDrawArrays,GL_TRIANGLES 0 36,0.951,
,221,107,GL_ARB_shader_objects,glUniformMatrix4fv,0 1 GL_FALSE  0x220e4b0 Value: -0.985604,1.254,
,222,107,OpenGL_1.1,glDrawArrays,GL_TRIANGLES 0 36,0.952,
,223,108,GL_ARB_shader_objects,glUniformMatrix4fv,0 1 GL_FALSE  0x220e5d0 Value: -0.985604,1.239,
,224,108,OpenGL_1.1,glDrawArrays,GL_TRIANGLES 0 36,0.953,
,225,109,GL_ARB_shader_objects,glUniformMatrix4fv,0 1 GL_FALSE  0x220e6f0 Value: -0.985604,1.248,
,226,109,OpenGL_1.1,glDrawArrays,GL_TRIANGLES 0 36,0.965,
,227,110,GL_ARB_shader_objects,glUniformMatrix4fv,0 1 GL_FALSE  0x220e810 Value: -0.985604,1.24,
,228,110,OpenGL_1.1,glDrawArrays,GL_TRIANGLES 0 36,0.953,
,229,111,GL_ARB_shader_objects,glUniformMatrix4fv,0 1 GL_FALSE  0x220e930 Value: -0.985604,1.24,
,230,111,OpenGL_1.1,glDrawArrays,GL_TRIANGLES 0 36,0.943,
,231,112,GL_ARB_shader_objects,glUniformMatrix4fv,0 1 GL_FALSE  0x220ea50 Value: -0.985604,1.234,
,232,112,OpenGL_1.1,glDrawArrays,GL_TRIANGLES 0 36,0.952,
,233,113,GL_ARB_shader_objects,glUniformMatrix4fv,0 1 GL_FALSE  0x220eb70 Value: -0.985604,1.239,
,234,113,OpenGL_1.1,glDrawArrays,GL_TRIANGLES 0 36,0.94,
,235,114,GL_ARB_shader_objects,glUniformMatrix4fv,0 1 GL_FALSE  0x220ec90 Value: -0.985604,1.231,
,236,114,OpenGL_1.1,glDrawArrays,GL_TRIANGLES 0 36,0.962,
,237,115,GL_ARB_shader_objects,glUniformMatrix4fv,0 1 GL_FALSE  0x220edb0 Value: -0.985604,1.241,
,238,115,OpenGL_1.1,glDrawArrays,GL_TRIANGLES 0 36,0.971,
,239,116,GL_ARB_shader_objects,glUniformMatrix4fv,0 1 GL_FALSE  0x220eed0 Value: -0.985604,1.237,
,240,116,OpenGL_1.1,glDrawArrays,GL_TRIANGLES 0 36,0.953,
,241,117,GL_ARB_shader_objects,glUniformMatrix4fv,0 1 GL_FALSE  0x220eff0 Value: -0.985604,1.237,
,242,117,OpenGL_1.1,glDrawArrays,GL_TRIANGLES 0 36,0.949,
,243,118,GL_ARB_shader_objects,glUniformMatrix4fv,0 1 GL_FALSE  0x220f110 Value: -0.985604,1.235,
,244,118,OpenGL_1.1,glDrawArrays,GL_TRIANGLES 0 36,0.956,
,245,119,GL_ARB_shader_objects,glUniformMatrix4fv,0 1 GL_FALSE  0x220f230 Value: -0.985604,1.234,
,246,119,OpenGL_1.1,glDrawArrays,GL_TRIANGLES 0 36,0.953,
,247,120,GL_ARB_shader_objects,glUniformMatrix4fv,0 1 GL_FALSE  0x220f350 Value: -0.985604,1.243,
,248,120,OpenGL_1.1,glDrawArrays,GL_TRIANGLES 0 36,0.962,
,249,121,GL_ARB_shader_objects,glUniformMatrix4fv,0 1 GL_FALSE  0x220f470 Value: -0.985604,1.245,
,250,121,OpenGL_1.1,glDrawArrays,GL_TRIANGLES 0 36,0.951,
,251,122,GL_ARB_shader_objects,glUniformMatrix4fv,0 1 GL_FALSE  0x220f590 Value: -0.985604,1.24,
,252,122,OpenGL_1.1,glDrawArrays,GL_TRIANGLES 0 36,0.942,
,253,123,GL_ARB_shader_objects,glUniformMatrix4fv,0 1 GL_FALSE  0x220f6b0 Value: -0.985604,1.24,
,254,123,OpenGL_1.1,glDrawArrays,GL_TRIANGLES 0 36,0.95,
,255,124,GL_ARB_shader_objects,glUniformMatrix4fv,0 1 GL_FALSE  0x220f7d0 Value: -0.985604,1.249,
,256,124,OpenGL_1.1,glDrawArrays,GL_TRIANGLES 0 36,0.949,
,257,125,GL_ARB_shader_objects,glUniformMatrix4fv,0 1 GL_FALSE  0x220f8f0 Value: -0.985604,1.246,
,258,125,OpenGL_1.1,glDrawArrays,GL_TRIANGLES 0 36,0.969,
,259,126,GL_ARB_shader_objects,glUniformMatrix4fv,0 1 GL_FALSE  0x220fa10 Value: -0.985604,1.244,
,260,126,OpenGL_1.1,glDrawArrays,GL_TRIANGLES 0 36,0.952,
,261,127,GL_ARB_shader_objects,glUniformMatrix4fv,0 1 GL_FALSE  0x220fb30 Value: -0.985604,1.227,
,262,127,OpenGL_1.1,glDrawArrays,GL_TRIANGLES 0 36,0.944,
,263,128,GL_ARB_shader_objects,glUniformMatrix4fv,0 1 GL_FALSE  0x220fc50 Value: -0.985604,1.227,
,264,128,OpenGL_1.1,glDrawArrays,GL_TRIANGLES 0 36,0.952,
,265,129,GL_ARB_shader_objects,glUniformMatrix4fv,0 1 GL_FALSE  0x220fd70 Value: -0.985604,1.236,
,266,129,OpenGL_1.1,glDrawArrays,GL_TRIANGLES 0 36,0.97,
,267,130,GL_ARB_shader_objects,glUniformMatrix4fv,0 1 GL_FALSE  0x220fe90 Value: -0.985604,1.268,
,268,130,OpenGL_1.1,glDrawArrays,GL_TRIANGLES 0 36,0.955,
,269,131,GL_ARB_shader_objects,glUniformMatrix4fv,0 1 GL_FALSE  0x220ffb0 Value: -0.985604,1.261,
,270,131,OpenGL_1.1,glDrawArrays,GL_TRIANGLES 0 36,0.963,
,271,132,GL_ARB_shader_objects,glUniformMatrix4fv,0 1 GL_FALSE  0x22100d0 Value: -0.985604,1.234,
,272,132,OpenGL_1.1,glDrawArrays,GL_TRIANGLES 0 36,0.952,
,273,133,GL_ARB_shader_objects,glUniformMatrix4fv,0 1 GL_FALSE  0x22101f0 Value: -0.985604,1.236,
,274,133,OpenGL_1.1,glDrawArrays,GL_TRIANGLES 0 36,0.937,
,275,134,GL_ARB_shader_objects,glUniformMatrix4fv,0 1 GL_FALSE  0x2210310 Value: -0.985604,1.239,
,276,134,OpenGL_1.1,glDrawArrays,GL_TRIANGLES 0 36,0.958,
,277,135,GL_ARB_shader_objects,glUniformMatrix4fv,0 1 GL_FALSE  0x2210430 Value: -0.985604,1.248,
,278,135,OpenGL_1.1,glDrawArrays,GL_TRIANGLES 0 36,0.952,
,279,136,GL_ARB_shader_objects,glUniformMatrix4fv,0 1 GL_FALSE  0x2210550 Value: -0.985604,1.24,
,280,136,OpenGL_1.1,glDrawArrays,GL_TRIANGLES 0 36,0.967,
,281,137,GL_ARB_shader_objects,glUniformMatrix4fv,0 1 GL_FALSE  0x2210670 Value: -0.985604,1.238,
,282,137,OpenGL_1.1,glDrawArrays,GL_TRIANGLES 0 36,0.953,
,283,138,GL_ARB_shader_objects,glUniformMatrix4fv,0 1 GL_FALSE  0x2210790 Value: -0.985604,1.242,
,284,138,OpenGL_1.1,glDrawArrays,GL_TRIANGLES 0 36,0.957,
,285,139,GL_ARB_shader_objects,glUniformMatrix4fv,0 1 GL_FALSE  0x22108b0 Value: -0.985604,1.249,
,286,139,OpenGL_1.1,glDrawArrays,GL_TRIANGLES 0 36,0.95,
,287,140,GL_ARB_shader_objects,glUniformMatrix4fv,0 1 GL_FALSE  0x22109d0 Value: -0.985604,1.239,
,288,140,OpenGL_1.1,glDrawArrays,GL_TRIANGLES 0 36,0.971,
,289,141,GL_ARB_shader_objects,glUniformMatrix4fv,0 1 GL_FALSE  0x2210af0 Value: -0.985604,1.245,
,290,141,OpenGL_1.1,glDrawArrays,GL_TRIANGLES 0 36,0.95,
,291,142,GL_ARB_shader_objects,glUniformMatrix4fv,0 1 GL_FALSE  0x2210c10 Value: -0.985604,1.23,
,292,142,OpenGL_1.1,glDrawArrays,GL_TRIANGLES 0 36,0.949,
,293,143,GL_ARB_shader_objects,glUniformMatrix4fv,0 1 GL_FALSE  0x2210d30 Value: -0.985604,1.244,
,294,143,OpenGL_1.1,glDrawArrays,GL_TRIANGLES 0 36,0.95,
,295,144,GL_ARB_shader_objects,glUniformMatrix4fv,0 1 GL_FALSE  0x2210e50 Value: -0.985604,1.233,
,296,144,OpenGL_1.1,glDrawArrays,GL_TRIANGLES 0 36,0.952,
,297,145,GL_ARB_shader_objects,glUniformMatrix4fv,0 1 GL_FALSE  0x2210f70 Value: -0.985604,1.262,
,298,145,OpenGL_1.1,glDrawArrays,GL_TRIANGLES 0 36,0.954,
,299,146,GL_ARB_shader_objects,glUniformMatrix4fv,0 1 GL_FALSE  0x2211090 Value: -0.985604,1.232,
,300,146,OpenGL_1.1,glDrawArrays,GL_TRIANGLES 0 36,0.952,
,301,147,GL_ARB_shader_objects,glUniformMatrix4fv,0 1 GL_FALSE  0x22111f0 Value: -0.985604,1.235,
,302,147,OpenGL_1.1,glDrawArrays,GL_TRIANGLES 0 36,0.94,
,303,148,GL_ARB_shader_objects,glUniformMatrix4fv,0 1 GL_FALSE  0x22112d0 Value: -0.985604,1.237,
,304,148,OpenGL_1.1,glDrawArrays,GL_TRIANGLES 0 36,0.952,
,305,149,GL_ARB_shader_objects,glUniformMatrix4fv,0 1 GL_FALSE  0x2211400 Value: -0.985604,1.239,
,306,149,OpenGL_1.1,glDrawArrays,GL_TRIANGLES 0 36,0.943,
,307,150,GL_ARB_shader_objects,glUniformMatrix4fv,0 1 GL_FALSE  0x2211520 Value: -0.985604,1.24,
,308,150,OpenGL_1.1,glDrawArrays,GL_TRIANGLES 0 36,0.97,
,309,151,GL_ARB_shader_objects,glUniformMatrix4fv,0 1 GL_FALSE  0x2211640 Value: -0.985604,1.244,
,310,151,OpenGL_1.1,glDrawArrays,GL_TRIANGLES 0 36,0.955,
,311,152,GL_ARB_shader_objects,glUniformMatrix4fv,0 1 GL_FALSE  0x2211760 Value: -0.985604,1.24,
,312,152,OpenGL_1.1,glDrawArrays,GL_TRIANGLES 0 36,0.949,
,313,153,GL_ARB_shader_objects,glUniformMatrix4fv,0 1 GL_FALSE  0x2211880 Value: -0.985604,1.247,
,314,153,OpenGL_1.1,glDrawArrays,GL_TRIANGLES 0 36,0.95,
,315,154,GL_ARB_shader_objects,glUniformMatrix4fv,0 1 GL_FALSE  0x22119a0 Value: -0.985604,1.23,
,316,154,OpenGL_1.1,glDrawArrays,GL_TRIANGLES 0 36,0.97,
,317,155,GL_ARB_shader_objects,glUniformMatrix4fv,0 1 GL_FALSE  0x2211ac0 Value: -0.985604,1.243,
,318,155,OpenGL_1.1,glDrawArrays,GL_TRIANGLES 0 36,0.955,
,319,156,GL_ARB_shader_objects,glUniformMatrix4fv,0 1 GL_FALSE  0x2211be0 Value: -0.985604,1.231,
,320,156,OpenGL_1.1,glDrawArrays,GL_TRIANGLES 0 36,0.951,
,321,157,GL_ARB_shader_objects,glUniformMatrix4fv,0 1 GL_FALSE  0x2211d00 Value: -0.985604,1.24,
,322,157,OpenGL_1.1,glDrawArrays,GL_TRIANGLES 0 36,0.941,
,323,158,GL_ARB_shader_objects,glUniformMatrix4fv,0 1 GL_FALSE  0x2211e20 Value: -0.985604,1.235,
,324,158,OpenGL_1.1,glDrawArrays,GL_TRIANGLES 0 36,0.97,
,325,159,GL_ARB_shader_objects,glUniformMatrix4fv,0 1 GL_FALSE  0x2211f40 Value: -0.985604,1.248,
,326,159,OpenGL_1.1,glDrawArrays,GL_TRIANGLES 0 36,0.952,
,327,160,GL_ARB_shader_objects,glUniformMatrix4fv,0 1 GL_FALSE  0x2212060 Value: -0.985604,1.237,
,328,160,OpenGL_1.1,glDrawArrays,GL_TRIANGLES 0 36,0.947,
,329,161,GL_ARB_shader_objects,glUniformMatrix4fv,0 1 GL_FALSE  0x2212180 Value: -0.985604,1.265,
,330,161,OpenGL_1.1,glDrawArrays,GL_TRIANGLES 0 36,0.951,
,331,162,GL_ARB_shader_objects,glUniformMatrix4fv,0 1 GL_FALSE  0x22122a0 Value: -0.985604,1.24,
,332,162,OpenGL_1.1,glDrawArrays,GL_TRIANGLES 0 36,0.951,
,333,163,GL_ARB_shader_objects,glUniformMatrix4fv,0 1 GL_FALSE  0x22123c0 Value: -0.985604,1.254,
,334,163,OpenGL_1.1,glDrawArrays,GL_TRIANGLES 0 36,0.951,
,335,164,GL_ARB_shader_objects,glUniformMatrix4fv,0 1 GL_FALSE  0x22124e0 Value: -0.985604,1.23,
,336,164,OpenGL_1.1,glDrawArrays,GL_TRIANGLES 0 36,0.94,
,337,165,GL_ARB_shader_objects,glUniformMatrix4fv,0 1 GL_FALSE  0x2212600 Value: -0.985604,1.236,
,338,165,OpenGL_1.1,glDrawArrays,GL_TRIANGLES 0 36,0.964,
,339,166,GL_ARB_shader_objects,glUniformMatrix4fv,0 1 GL_FALSE  0x2212720 Value: -0.985604,1.239,
,340,166,OpenGL_1.1,glDrawArrays,GL_TRIANGLES 0 36,0.949,
,341,167,GL_ARB_shader_objects,glUniformMatrix4fv,0 1 GL_FALSE  0x2212840 Value: -0.985604,1.24,
,342,167,OpenGL_1.1,glDrawArrays,GL_TRIANGLES 0 36,0.952,
,343,168,GL_ARB_shader_objects,glUniformMatrix4fv,0 1 GL_FALSE  0x2212960 Value: -0.985604,1.244,
,344,168,OpenGL_1.1,glDrawArrays,GL_TRIANGLES 0 36,0.95,
,345,169,GL_ARB_shader_objects,glUniformMatrix4fv,0 1 GL_FALSE  0x2212a80 Value: -0.985604,1.235,
,346,169,OpenGL_1.1,glDrawArrays,GL_TRIANGLES 0 36,0.941,
,347,170,GL_ARB_shader_objects,glUniformMatrix4fv,0 1 GL_FALSE  0x2212ba0 Value: -0.985604,1.254,
,348,170,OpenGL_1.1,glDrawArrays,GL_TRIANGLES 0 36,0.955,
,349,171,GL_ARB_shader_objects,glUniformMatrix4fv,0 1 GL_FALSE  0x2212cc0 Value: -0.985604,1.234,
,350,171,OpenGL_1.1,glDrawArrays,GL_TRIANGLES 0 36,0.942,
,351,172,GL_ARB_shader_objects,glUniformMatrix4fv,0 1 GL_FALSE  0x2212de0 Value: -0.985604,1.275,
,352,172,OpenGL_1.1,glDrawArrays,GL_TRIANGLES 0 36,0.952,
,353,173,GL_ARB_shader_objects,glUniformMatrix4fv,0 1 GL_FALSE  0x2212f00 Value: -0.985604,1.244,
,354,173,OpenGL_1.1,glDrawArrays,GL_TRIANGLES 0 36,0.949,
,355,174,GL_ARB_shader_objects,glUniformMatrix4fv,0 1 GL_FALSE  0x2213020 Value: -0.985604,1.236,
,356,174,OpenGL_1.1,glDrawArrays,GL_TRIANGLES 0 36,0.954,
,357,175,GL_ARB_shader_objects,glUniformMatrix4fv,0 1 GL_FALSE  0x2213140 Value: -0.985604,1.265,
,358,175,OpenGL_1.1,glDrawArrays,GL_TRIANGLES 0 36,0.971,
,359,176,GL_ARB_shader_objects,glUniformMatrix4fv,0 1 GL_FALSE  0x2213260 Value: -0.985604,1.236,
,360,176,OpenGL_1.1,glDrawArrays,GL_TRIANGLES 0 36,0.95,
,361,177,GL_ARB_shader_objects,glUniformMatrix4fv,0 1 GL_FALSE  0x2213380 Value: -0.985604,1.271,
,362,177,OpenGL_1.1,glDrawArrays,GL_TRIANGLES 0 36,0.952,
,363,178,GL_ARB_shader_objects,glUniformMatrix4fv,0 1 GL_FALSE  0x22134a0 Value: -0.985604,1.232,
,364,178,OpenGL_1.1,glDrawArrays,GL_TRIANGLES 0 36,0.949,
,365,179,GL_ARB_shader_objects,glUniformMatrix4fv,0 1 GL_FALSE  0x22135c0 Value: -0.985604,1.253,
,366,179,OpenGL_1.1,glDrawArrays,GL_TRIANGLES 0 36,0.953,
,367,180,GL_ARB_shader_objects,glUniformMatrix4fv,0 1 GL_FALSE  0x22136e0 Value: -0.985604,1.237,
,368,180,OpenGL_1.1,glDrawArrays,GL_TRIANGLES 0 36,0.95,
,369,181,GL_ARB_shader_objects,glUniformMatrix4fv,0 1 GL_FALSE  0x2213800 Value: -0.985604,1.267,
,370,181,OpenGL_1.1,glDrawArrays,GL_TRIANGLES 0 36,0.948,
,371,182,GL_ARB_shader_objects,glUniformMatrix4fv,0 1 GL_FALSE  0x2213920 Value: -0.985604,1.239,
,372,182,OpenGL_1.1,glDrawArrays,GL_TRIANGLES 0 36,0.955,
,373,183,GL_ARB_shader_objects,glUniformMatrix4fv,0 1 GL_FALSE  0x2213a40 Value: -0.985604,1.241,
,374,183,OpenGL_1.1,glDrawArrays,GL_TRIANGLES 0 36,0.954,
,375,184,GL_ARB_shader_objects,glUniformMatrix4fv,0 1 GL_FALSE  0x2213b60 Value: -0.985604,1.271,
,376,184,OpenGL_1.1,glDrawArrays,GL_TRIANGLES 0 36,0.954,
,377,185,GL_ARB_shader_objects,glUniformMatrix4fv,0 1 GL_FALSE  0x2213c80 Value: -0.985604,1.25,
,378,185,OpenGL_1.1,glDrawArrays,GL_TRIANGLES 0 36,0.95,
,379,186,GL_ARB_shader_objects,glUniformMatrix4fv,0 1 GL_FALSE  0x2213da0 Value: -0.985604,1.248,
,380,186,OpenGL_1.1,glDrawArrays,GL_TRIANGLES 0 36,0.959,
,381,187,GL_ARB_shader_objects,glUniformMatrix4fv,0 1 GL_FALSE  0x2213ec0 Value: -0.985604,1.254,
,382,187,OpenGL_1.1,glDrawArrays,GL_TRIANGLES 0 36,0.951,
,383,188,GL_ARB_shader_objects,glUniformMatrix4fv,0 1 GL_FALSE  0x2213fe0 Value: -0.985604,1.239,
,384,188,OpenGL_1.1,glDrawArrays,GL_TRIANGLES 0 36,0.963,
,385,189,GL_ARB_shader_objects,glUniformMatrix4fv,0 1 GL_FALSE  0x2214100 Value: -0.985604,1.248,
,386,189,OpenGL_1.1,glDrawArrays,GL_TRIANGLES 0 36,0.949,
,387,190,GL_ARB_shader_objects,glUniformMatrix4fv,0 1 GL_FALSE  0x2214220 Value: -0.985604,1.245,
,388,190,OpenGL_1.1,glDrawArrays,GL_TRIANGLES 0 36,0.955,
,389,191,GL_ARB_shader_objects,glUniformMatrix4fv,0 1 GL_FALSE  0x2214340 Value: -0.985604,1.273,
,390,191,OpenGL_1.1,glDrawArrays,GL_TRIANGLES 0 36,0.952,
,391,192,GL_ARB_shader_objects,glUniformMatrix4fv,0 1 GL_FALSE  0x2214460 Value: -0.985604,1.244,
,392,192,OpenGL_1.1,glDrawArrays,GL_TRIANGLES 0 36,0.953,
,393,193,GL_ARB_shader_objects,glUniformMatrix4fv,0 1 GL_FALSE  0x2214580 Value: -0.985604,1.251,
,394,193,OpenGL_1.1,glDrawArrays,GL_TRIANGLES 0 36,0.947,
,395,194,GL_ARB_shader_objects,glUniformMatrix4fv,0 1 GL_FALSE  0x22146a0 Value: -0.985604,11.067,
,396,194,OpenGL_1.1,glDrawArrays,GL_TRIANGLES 0 36,0.924,
,397,195,GL_ARB_shader_objects,glUniformMatrix4fv,0 1 GL_FALSE  0x22147c0 Value: -0.985604,1.208,
,398,195,OpenGL_1.1,glDrawArrays,GL_TRIANGLES 0 36,0.926,
,399,196,GL_ARB_shader_objects,glUniformMatrix4fv,0 1 GL_FALSE  0x22148e0 Value: -0.985604,1.217,
,400,196,OpenGL_1.1,glDrawArrays,GL_TRIANGLES 0 36,0.922,
,401,197,GL_ARB_shader_objects,glUniformMatrix4fv,0 1 GL_FALSE  0x2214a40 Value: -0.985604,1.22,
,402,197,OpenGL_1.1,glDrawArrays,GL_TRIANGLES 0 36,0.923,
,403,198,GL_ARB_shader_objects,glUniformMatrix4fv,0 1 GL_FALSE  0x2214b20 Value: -0.985604,1.246,
,404,198,OpenGL_1.1,glDrawArrays,GL_TRIANGLES 0 36,0.952,
,405,199,GL_ARB_shader_objects,glUniformMatrix4fv,0 1 GL_FALSE  0x2214c50 Value: -0.985604,1.249,
,406,199,OpenGL_1.1,glDrawArrays,GL_TRIANGLES 0 36,0.97,
,407,200,GL_ARB_shader_objects,glUniformMatrix4fv,0 1 GL_FALSE  0x2214d70 Value: -0.985604,1.239,
,408,200,OpenGL_1.1,glDrawArrays,GL_TRIANGLES 0 36,0.951,
,409,201,GL_ARB_shader_objects,glUniformMatrix4fv,0 1 GL_FALSE  0x2214e90 Value: -0.985604,1.254,
,410,201,OpenGL_1.1,glDrawArrays,GL_TRIANGLES 0 36,0.968,
,411,202,GL_ARB_shader_objects,glUniformMatrix4fv,0 1 GL_FALSE  0x2214fb0 Value: -0.985604,1.239,
,412,202,OpenGL_1.1,glDrawArrays,GL_TRIANGLES 0 36,0.95,
,413,203,GL_ARB_shader_objects,glUniformMatrix4fv,0 1 GL_FALSE  0x22150d0 Value: -0.985604,1.245,
,414,203,OpenGL_1.1,glDrawArrays,GL_TRIANGLES 0 36,0.951,
,415,204,GL_ARB_shader_objects,glUniformMatrix4fv,0 1 GL_FALSE  0x22151f0 Value: -0.985604,11.175,
,416,204,OpenGL_1.1,glDrawArrays,GL_TRIANGLES 0 36,0.922,
,417,205,GL_ARB_shader_objects,glUniformMatrix4fv,0 1 GL_FALSE  0x2215310 Value: -0.985604,1.206,
,418,205,OpenGL_1.1,glDrawArrays,GL_TRIANGLES 0 36,0.919,
,419,206,GL_ARB_shader_objects,glUniformMatrix4fv,0 1 GL_FALSE  0x2215430 Value: -0.985604,1.204,
,420,206,OpenGL_1.1,glDrawArrays,GL_TRIANGLES 0 36,0.934,
,421,207,GL_ARB_shader_objects,glUniformMatrix4fv,0 1 GL_FALSE  0x2215550 Value: -0.985604,1.202,
,422,207,OpenGL_1.1,glDrawArrays,GL_TRIANGLES 0 36,0.913,
,423,208,GL_ARB_shader_objects,glUniformMatrix4fv,0 1 GL_FALSE  0x2215670 Value: -0.985604,1.16,
,424,208,OpenGL_1.1,glDrawArrays,GL_TRIANGLES 0 36,0.899,
,425,209,GL_ARB_shader_objects,glUniformMatrix4fv,0 1 GL_FALSE  0x2215790 Value: -0.985604,1.173,
,426,209,OpenGL_1.1,glDrawArrays,GL_TRIANGLES 0 36,0.887,
,427,210,GL_ARB_shader_objects,glUniformMatrix4fv,0 1 GL_FALSE  0x22158b0 Value: -0.985604,1.178,
,428,210,OpenGL_1.1,glDrawArrays,GL_TRIANGLES 0 36,0.918,
,429,211,GL_ARB_shader_objects,glUniformMatrix4fv,0 1 GL_FALSE  0x22159d0 Value: -0.985604,1.179,
,430,211,OpenGL_1.1,glDrawArrays,GL_TRIANGLES 0 36,10.827,
,431,212,GL_ARB_shader_objects,glUniformMatrix4fv,0 1 GL_FALSE  0x2215af0 Value: -0.985604,1.201,
,432,212,OpenGL_1.1,glDrawArrays,GL_TRIANGLES 0 36,0.92,
,433,213,GL_ARB_shader_objects,glUniformMatrix4fv,0 1 GL_FALSE  0x2215c10 Value: -0.985604,1.208,
,434,213,OpenGL_1.1,glDrawArrays,GL_TRIANGLES 0 36,0.921,
,435,214,GL_ARB_shader_objects,glUniformMatrix4fv,0 1 GL_FALSE  0x2215d30 Value: -0.985604,1.2,
,436,214,OpenGL_1.1,glDrawArrays,GL_TRIANGLES 0 36,0.926,
,437,215,GL_ARB_shader_objects,glUniformMatrix4fv,0 1 GL_FALSE  0x2215e50 Value: -0.985604,1.211,
,438,215,OpenGL_1.1,glDrawArrays,GL_TRIANGLES 0 36,0.948,
,439,216,GL_ARB_shader_objects,glUniformMatrix4fv,0 1 GL_FALSE  0x2215f70 Value: -0.985604,1.204,
,440,216,OpenGL_1.1,glDrawArrays,GL_TRIANGLES 0 36,0.924,
,441,217,GL_ARB_shader_objects,glUniformMatrix4fv,0 1 GL_FALSE  0x2216090 Value: -0.985604,1.195,
,442,217,OpenGL_1.1,glDrawArrays,GL_TRIANGLES 0 36,0.911,
,443,218,GL_ARB_shader_objects,glUniformMatrix4fv,0 1 GL_FALSE  0x22161b0 Value: -0.985604,1.199,
,444,218,OpenGL_1.1,glDrawArrays,GL_TRIANGLES 0 36,0.922,
,445,219,GL_ARB_shader_objects,glUniformMatrix4fv,0 1 GL_FALSE  0x22162d0 Value: -0.985604,1.2,
,446,219,OpenGL_1.1,glDrawArrays,GL_TRIANGLES 0 36,0.94,
,447,220,GL_ARB_shader_objects,glUniformMatrix4fv,0 1 GL_FALSE  0x22163f0 Value: -0.985604,1.203,
,448,220,OpenGL_1.1,glDrawArrays,GL_TRIANGLES 0 36,0.924,
,449,221,GL_ARB_shader_objects,glUniformMatrix4fv,0 1 GL_FALSE  0x2216510 Value: -0.985604,1.194,
,450,221,OpenGL_1.1,glDrawArrays,GL_TRIANGLES 0 36,0.904,
,451,222,GL_ARB_shader_objects,glUniformMatrix4fv,0 1 GL_FALSE  0x2216630 Value: -0.985604,1.2,
,452,222,OpenGL_1.1,glDrawArrays,GL_TRIANGLES 0 36,0.938,
,453,223,GL_ARB_shader_objects,glUniformMatrix4fv,0 1 GL_FALSE  0x2216750 Value: -0.985604,1.205,
,454,223,OpenGL_1.1,glDrawArrays,GL_TRIANGLES 0 36,0.924,
,455,224,GL_ARB_shader_objects,glUniformMatrix4fv,0 1 GL_FALSE  0x2216870 Value: -0.985604,1.196,
,456,224,OpenGL_1.1,glDrawArrays,GL_TRIANGLES 0 36,0.953,
,457,225,GL_ARB_shader_objects,glUniformMatrix4fv,0 1 GL_FALSE  0x2216990 Value: -0.985604,1.206,
,458,225,OpenGL_1.1,glDrawArrays,GL_TRIANGLES 0 36,0.969,
,459,226,GL_ARB_shader_objects,glUniformMatrix4fv,0 1 GL_FALSE  0x2216ab0 Value: -0.985604,1.204,
,460,226,OpenGL_1.1,glDrawArrays,GL_TRIANGLES 0 36,0.958,
,461,227,GL_ARB_shader_objects,glUniformMatrix4fv,0 1 GL_FALSE  0x2216bd0 Value: -0.985604,1.208,
,462,227,OpenGL_1.1,glDrawArrays,GL_TRIANGLES 0 36,0.944,
,463,228,GL_ARB_shader_objects,glUniformMatrix4fv,0 1 GL_FALSE  0x2216cf0 Value: -0.985604,1.199,
,464,228,OpenGL_1.1,glDrawArrays,GL_TRIANGLES 0 36,0.951,
,465,229,GL_ARB_shader_objects,glUniformMatrix4fv,0 1 GL_FALSE  0x2216e10 Value: -0.985604,1.202,
,466,229,OpenGL_1.1,glDrawArrays,GL_TRIANGLES 0 36,0.913,
,467,230,GL_ARB_shader_objects,glUniformMatrix4fv,0 1 GL_FALSE  0x2216f30 Value: -0.985604,1.2,
,468,230,OpenGL_1.1,glDrawArrays,GL_TRIANGLES 0 36,0.925,
,469,231,GL_ARB_shader_objects,glUniformMatrix4fv,0 1 GL_FALSE  0x2217050 Value: -0.985604,1.237,
,470,231,OpenGL_1.1,glDrawArrays,GL_TRIANGLES 0 36,0.922,
,471,232,GL_ARB_shader_objects,glUniformMatrix4fv,0 1 GL_FALSE  0x2217170 Value: -0.985604,1.229,
,472,232,OpenGL_1.1,glDrawArrays,GL_TRIANGLES 0 36,0.928,
,473,233,GL_ARB_shader_objects,glUniformMatrix4fv,0 1 GL_FALSE  0x2217290 Value: -0.985604,1.195,
,474,233,OpenGL_1.1,glDrawArrays,GL_TRIANGLES 0 36,0.922,
,475,234,GL_ARB_shader_objects,glUniformMatrix4fv,0 1 GL_FALSE  0x22173b0 Value: -0.985604,1.2,
,476,234,OpenGL_1.1,glDrawArrays,GL_TRIANGLES 0 36,0.921,
,477,235,GL_ARB_shader_objects,glUniformMatrix4fv,0 1 GL_FALSE  0x22174d0 Value: -0.985604,1.213,
,478,235,OpenGL_1.1,glDrawArrays,GL_TRIANGLES 0 36,0.933,
,479,236,GL_ARB_shader_objects,glUniformMatrix4fv,0 1 GL_FALSE  0x22175f0 Value: -0.985604,1.202,
,480,236,OpenGL_1.1,glDrawArrays,GL_TRIANGLES 0 36,0.936,
,481,237,GL_ARB_shader_objects,glUniformMatrix4fv,0 1 GL_FALSE  0x2217710 Value: -0.985604,1.204,
,482,237,OpenGL_1.1,glDrawArrays,GL_TRIANGLES 0 36,0.923,
,483,238,GL_ARB_shader_objects,glUniformMatrix4fv,0 1 GL_FALSE  0x2217830 Value: -0.985604,1.197,
,484,238,OpenGL_1.1,glDrawArrays,GL_TRIANGLES 0 36,0.92,
,485,239,GL_ARB_shader_objects,glUniformMatrix4fv,0 1 GL_FALSE  0x2217950 Value: -0.985604,1.208,
,486,239,OpenGL_1.1,glDrawArrays,GL_TRIANGLES 0 36,0.922,
,487,240,GL_ARB_shader_objects,glUniformMatrix4fv,0 1 GL_FALSE  0x2217a70 Value: -0.985604,1.2,
,488,240,OpenGL_1.1,glDrawArrays,GL_TRIANGLES 0 36,0.921,
,489,241,GL_ARB_shader_objects,glUniformMatrix4fv,0 1 GL_FALSE  0x2217b90 Value: -0.985604,1.199,
,490,241,OpenGL_1.1,glDrawArrays,GL_TRIANGLES 0 36,0.932,
,491,242,GL_ARB_shader_objects,glUniformMatrix4fv,0 1 GL_FALSE  0x2217cb0 Value: -0.985604,1.196,
,492,242,OpenGL_1.1,glDrawArrays,GL_TRIANGLES 0 36,0.933,
,493,243,GL_ARB_shader_objects,glUniformMatrix4fv,0 1 GL_FALSE  0x2217dd0 Value: -0.985604,1.201,
,494,243,OpenGL_1.1,glDrawArrays,GL_TRIANGLES 0 36,0.923,
,495,244,GL_ARB_shader_objects,glUniformMatrix4fv,0 1 GL_FALSE  0x2217ef0 Value: -0.985604,1.196,
,496,244,OpenGL_1.1,glDrawArrays,GL_TRIANGLES 0 36,0.923,
,497,245,GL_ARB_shader_objects,glUniformMatrix4fv,0 1 GL_FALSE  0x2218010 Value: -0.985604,1.198,
,498,245,OpenGL_1.1,glDrawArrays,GL_TRIANGLES 0 36,0.928,
,499,246,GL_ARB_shader_objects,glUniformMatrix4fv,0 1 GL_FALSE  0x2218130 Value: -0.985604,1.192,
,500,246,OpenGL_1.1,glDrawArrays,GL_TRIANGLES 0 36,0.924,
,501,247,GL_ARB_shader_objects,glUniformMatrix4fv,0 1 GL_FALSE  0x2218290 Value: -0.985604,1.216,
,502,247,OpenGL_1.1,glDrawArrays,GL_TRIANGLES 0 36,0.921,
,503,248,GL_ARB_shader_objects,glUniformMatrix4fv,0 1 GL_FALSE  0x2218370 Value: -0.985604,1.197,
,504,248,OpenGL_1.1,glDrawArrays,GL_TRIANGLES 0 36,0.924,
,505,249,GL_ARB_shader_objects,glUniformMatrix4fv,0 1 GL_FALSE  0x22184a0 Value: -0.985604,1.196,
,506,249,OpenGL_1.1,glDrawArrays,GL_TRIANGLES 0 36,0.937,
,507,250,GL_ARB_shader_objects,glUniformMatrix4fv,0 1 GL_FALSE  0x22185c0 Value: -0.985604,1.199,
,508,250,OpenGL_1.1,glDrawArrays,GL_TRIANGLES 0 36,0.926,
,509,251,GL_ARB_shader_objects,glUniformMatrix4fv,0 1 GL_FALSE  0x22186e0 Value: -0.985604,1.213,
,510,251,OpenGL_1.1,glDrawArrays,GL_TRIANGLES 0 36,0.907,
,511,252,GL_ARB_shader_objects,glUniformMatrix4fv,0 1 GL_FALSE  0x2218800 Value: -0.985604,1.198,
,512,252,OpenGL_1.1,glDrawArrays,GL_TRIANGLES 0 36,0.923,
,513,253,GL_ARB_shader_objects,glUniformMatrix4fv,0 1 GL_FALSE  0x2218920 Value: -0.985604,1.198,
,514,253,OpenGL_1.1,glDrawArrays,GL_TRIANGLES 0 36,0.946,
,515,254,GL_ARB_shader_objects,glUniformMatrix4fv,0 1 GL_FALSE  0x2218a40 Value: -0.985604,1.201,
,516,254,OpenGL_1.1,glDrawArrays,GL_TRIANGLES 0 36,0.924,
,517,255,GL_ARB_shader_objects,glUniformMatrix4fv,0 1 GL_FALSE  0x2218b60 Value: -0.985604,1.211,
,518,255,OpenGL_1.1,glDrawArrays,GL_TRIANGLES 0 36,0.924,
,519,256,GL_ARB_shader_objects,glUniformMatrix4fv,0 1 GL_FALSE  0x2218c80 Value: -0.985604,1.198,
,520,256,OpenGL_1.1,glDrawArrays,GL_TRIANGLES 0 36,0.922,
,521,257,GL_ARB_shader_objects,glUniformMatrix4fv,0 1 GL_FALSE  0x2218da0 Value: -0.985604,1.199,
,522,257,OpenGL_1.1,glDrawArrays,GL_TRIANGLES 0 36,0.922,
,523,258,GL_ARB_shader_objects,glUniformMatrix4fv,0 1 GL_FALSE  0x2218ec0 Value: -0.985604,1.2,
,524,258,OpenGL_1.1,glDrawArrays,GL_TRIANGLES 0 36,0.946,
,525,259,GL_ARB_shader_objects,glUniformMatrix4fv,0 1 GL_FALSE  0x2218fe0 Value: -0.985604,1.202,
,526,259,OpenGL_1.1,glDrawArrays,GL_TRIANGLES 0 36,0.925,
,527,260,GL_ARB_shader_objects,glUniformMatrix4fv,0 1 GL_FALSE  0x2219100 Value: -0.985604,1.212,
,528,260,OpenGL_1.1,glDrawArrays,GL_TRIANGLES 0 36,0.924,
,529,261,GL_ARB_shader_objects,glUniformMatrix4fv,0 1 GL_FALSE  0x2219220 Value: -0.985604,1.21,
,530,261,OpenGL_1.1,glDrawArrays,GL_TRIANGLES 0 36,0.919,
,531,262,GL_ARB_shader_objects,glUniformMatrix4fv,0 1 GL_FALSE  0x2219340 Value: -0.985604,1.199,
,532,262,OpenGL_1.1,glDrawArrays,GL_TRIANGLES 0 36,0.94,
,533,263,GL_ARB_shader_objects,glUniformMatrix4fv,0 1 GL_FALSE  0x2219460 Value: -0.985604,1.208,
,534,263,OpenGL_1.1,glDrawArrays,GL_TRIANGLES 0 36,0.922,
,535,264,GL_ARB_shader_objects,glUniformMatrix4fv,0 1 GL_FALSE  0x2219580 Value: -0.985604,1.205,
,536,264,OpenGL_1.1,glDrawArrays,GL_TRIANGLES 0 36,0.926,
,537,265,GL_ARB_shader_objects,glUniformMatrix4fv,0 1 GL_FALSE  0x22196a0 Value: -0.985604,1.2,
,538,265,OpenGL_1.1,glDrawArrays,GL_TRIANGLES 0 36,0.921,
,539,266,GL_ARB_shader_objects,glUniformMatrix4fv,0 1 GL_FALSE  0x22197c0 Value: -0.985604,1.216,
,540,266,OpenGL_1.1,glDrawArrays,GL_TRIANGLES 0 36,0.921,
,541,267,GL_ARB_shader_objects,glUniformMatrix4fv,0 1 GL_FALSE  0x22198e0 Value: -0.985604,1.201,
,542,267,OpenGL_1.1,glDrawArrays,GL_TRIANGLES 0 36,0.922,
,543,268,GL_ARB_shader_objects,glUniformMatrix4fv,0 1 GL_FALSE  0x2219a00 Value: -0.985604,1.193,
,544,268,OpenGL_1.1,glDrawArrays,GL_TRIANGLES 0 36,0.915,
,545,269,GL_ARB_shader_objects,glUniformMatrix4fv,0 1 GL_FALSE  0x2219b20 Value: -0.985604,1.204,
,546,269,OpenGL_1.1,glDrawArrays,GL_TRIANGLES 0 36,0.919,
,547,270,GL_ARB_shader_objects,glUniformMatrix4fv,0 1 GL_FALSE  0x2219c40 Value: -0.985604,1.204,
,548,270,OpenGL_1.1,glDrawArrays,GL_TRIANGLES 0 36,0.921,
,549,271,GL_ARB_shader_objects,glUniformMatrix4fv,0 1 GL_FALSE  0x2219d60 Value: -0.985604,1.215,
,550,271,OpenGL_1.1,glDrawArrays,GL_TRIANGLES 0 36,0.932,
,551,272,GL_ARB_shader_objects,glUniformMatrix4fv,0 1 GL_FALSE  0x2219e80 Value: -0.985604,1.199,
,552,272,OpenGL_1.1,glDrawArrays,GL_TRIANGLES 0 36,0.945,
,553,273,GL_ARB_shader_objects,glUniformMatrix4fv,0 1 GL_FALSE  0x2219fa0 Value: -0.985604,1.202,
,554,273,OpenGL_1.1,glDrawArrays,GL_TRIANGLES 0 36,0.925,
,555,274,GL_ARB_shader_objects,glUniformMatrix4fv,0 1 GL_FALSE  0x221a0c0 Value: -0.985604,1.2,
,556,274,OpenGL_1.1,glDrawArrays,GL_TRIANGLES 0 36,0.923,
,557,275,GL_ARB_shader_objects,glUniformMatrix4fv,0 1 GL_FALSE  0x221a1e0 Value: -0.985604,1.202,
,558,275,OpenGL_1.1,glDrawArrays,GL_TRIANGLES 0 36,0.921,
,559,276,GL_ARB_shader_objects,glUniformMatrix4fv,0 1 GL_FALSE  0x221a300 Value: -0.985604,1.2,
,560,276,OpenGL_1.1,glDrawArrays,GL_TRIANGLES 0 36,0.939,
,561,277,GL_ARB_shader_objects,glUniformMatrix4fv,0 1 GL_FALSE  0x221a420 Value: -0.985604,1.207,
,562,277,OpenGL_1.1,glDrawArrays,GL_TRIANGLES 0 36,0.919,
,563,278,GL_ARB_shader_objects,glUniformMatrix4fv,0 1 GL_FALSE  0x221a540 Value: -0.985604,1.207,
,564,278,OpenGL_1.1,glDrawArrays,GL_TRIANGLES 0 36,0.945,
,565,279,GL_ARB_shader_objects,glUniformMatrix4fv,0 1 GL_FALSE  0x221a660 Value: -0.985604,1.2,
,566,279,OpenGL_1.1,glDrawArrays,GL_TRIANGLES 0 36,0.92,
,567,280,GL_ARB_shader_objects,glUniformMatrix4fv,0 1 GL_FALSE  0x221a780 Value: -0.985604,1.214,
,568,280,OpenGL_1.1,glDrawArrays,GL_TRIANGLES 0 36,0.922,
,569,281,GL_ARB_shader_objects,glUniformMatrix4fv,0 1 GL_FALSE  0x221a8a0 Value: -0.985604,1.205,
,570,281,OpenGL_1.1,glDrawArrays,GL_TRIANGLES 0 36,0.92,
,571,282,GL_ARB_shader_objects,glUniformMatrix4fv,0 1 GL_FALSE  0x221a9c0 Value: -0.985604,1.2,
,572,282,OpenGL_1.1,glDrawArrays,GL_TRIANGLES 0 36,0.923,
,573,283,GL_ARB_shader_objects,glUniformMatrix4fv,0 1 GL_FALSE  0x221aae0 Value: -0.985604,1.206,
,574,283,OpenGL_1.1,glDrawArrays,GL_TRIANGLES 0 36,0.942,
,575,284,GL_ARB_shader_objects,glUniformMatrix4fv,0 1 GL_FALSE  0x221ac00 Value: -0.985604,1.2,
,576,284,OpenGL_1.1,glDrawArrays,GL_TRIANGLES 0 36,0.922,
,577,285,GL_ARB_shader_objects,glUniformMatrix4fv,0 1 GL_FALSE  0x221ad20 Value: -0.985604,1.197,
,578,285,OpenGL_1.1,glDrawArrays,GL_TRIANGLES 0 36,0.913,
,579,286,GL_ARB_shader_objects,glUniformMatrix4fv,0 1 GL_FALSE  0x221ae40 Value: -0.985604,1.198,
,580,286,OpenGL_1.1,glDrawArrays,GL_TRIANGLES 0 36,0.935,
,581,287,GL_ARB_shader_objects,glUniformMatrix4fv,0 1 GL_FALSE  0x221af60 Value: -0.985604,1.203,
,582,287,OpenGL_1.1,glDrawArrays,GL_TRIANGLES 0 36,0.913,
,583,288,GL_ARB_shader_objects,glUniformMatrix4fv,0 1 GL_FALSE  0x221b080 Value: -0.985604,1.204,
,584,288,OpenGL_1.1,glDrawArrays,GL_TRIANGLES 0 36,0.941,
,585,289,GL_ARB_shader_objects,glUniformMatrix4fv,0 1 GL_FALSE  0x221b1a0 Value: -0.985604,1.207,
,586,289,OpenGL_1.1,glDrawArrays,GL_TRIANGLES 0 36,0.921,
,587,290,GL_ARB_shader_objects,glUniformMatrix4fv,0 1 GL_FALSE  0x221b2c0 Value: -0.985604,1.211,
,588,290,OpenGL_1.1,glDrawArrays,GL_TRIANGLES 0 36,0.919,
,589,291,GL_ARB_shader_objects,glUniformMatrix4fv,0 1 GL_FALSE  0x221b3e0 Value: -0.985604,1.21,
,590,291,OpenGL_1.1,glDrawArrays,GL_TRIANGLES 0 36,0.92,
,591,292,GL_ARB_shader_objects,glUniformMatrix4fv,0 1 GL_FALSE  0x221b500 Value: -0.985604,1.2,
,592,292,OpenGL_1.1,glDrawArrays,GL_TRIANGLES 0 36,0.934,
,593,293,GL_ARB_shader_objects,glUniformMatrix4fv,0 1 GL_FALSE  0x221b620 Value: -0.985604,1.233,
,594,293,OpenGL_1.1,glDrawArrays,GL_TRIANGLES 0 36,0.919,
,595,294,GL_ARB_shader_objects,glUniformMatrix4fv,0 1 GL_FALSE  0x221b740 Value: -0.985604,1.227,
,596,294,OpenGL_1.1,glDrawArrays,GL_TRIANGLES 0 36,0.921,
,597,295,GL_ARB_shader_objects,glUniformMatrix4fv,0 1 GL_FALSE  0x221b860 Value: -0.985604,1.211,
,598,295,OpenGL_1.1,glDrawArrays,GL_TRIANGLES 0 36,0.936,
,599,296,GL_ARB_shader_objects,glUniformMatrix4fv,0 1 GL_FALSE  0x221b980 Value: -0.985604,1.214,
,600,296,OpenGL_1.1,glDrawArrays,GL_TRIANGLES 0 36,0.922,
,601,297,GL_ARB_shader_objects,glUniformMatrix4fv,0 1 GL_FALSE  0x221bae0 Value: -0.985604,1.214,
,602,297,OpenGL_1.1,glDrawArrays,GL_TRIANGLES 0 36,0.917,
,603,298,GL_ARB_shader_objects,glUniformMatrix4fv,0 1 GL_FALSE  0x221bbc0 Value: -0.985604,1.203,
,604,298,OpenGL_1.1,glDrawArrays,GL_TRIANGLES 0 36,0.921,
,605,299,GL_ARB_shader_objects,glUniformMatrix4fv,0 1 GL_FALSE  0x221bcf0 Value: -0.985604,1.21,
,606,299,OpenGL_1.1,glDrawArrays,GL_TRIANGLES 0 36,0.939,
,607,300,GL_ARB_shader_objects,glUniformMatrix4fv,0 1 GL_FALSE  0x221be10 Value: -0.985604,1.208,
,608,300,OpenGL_1.1,glDrawArrays,GL_TRIANGLES 0 36,0.946,
,609,301,GL_ARB_shader_objects,glUniformMatrix4fv,0 1 GL_FALSE  0x221bf30 Value: -0.985604,1.198,
,610,301,OpenGL_1.1,glDrawArrays,GL_TRIANGLES 0 36,0.912,
,611,302,GL_ARB_shader_objects,glUniformMatrix4fv,0 1 GL_FALSE  0x221c050 Value: -0.985604,1.199,
,612,302,OpenGL_1.1,glDrawArrays,GL_TRIANGLES 0 36,0.919,
,613,303,GL_ARB_shader_objects,glUniformMatrix4fv,0 1 GL_FALSE  0x221c170 Value: -0.985604,1.203,
,614,303,OpenGL_1.1,glDrawArrays,GL_TRIANGLES 0 36,0.927,
,615,304,GL_ARB_shader_objects,glUniformMatrix4fv,0 1 GL_FALSE  0x221c290 Value: -0.985604,1.206,
,616,304,OpenGL_1.1,glDrawArrays,GL_TRIANGLES 0 36,0.92,
,617,305,GL_ARB_shader_objects,glUniformMatrix4fv,0 1 GL_FALSE  0x221c3b0 Value: -0.985604,1.202,
,618,305,OpenGL_1.1,glDrawArrays,GL_TRIANGLES 0 36,0.91,
,619,306,GL_ARB_shader_objects,glUniformMatrix4fv,0 1 GL_FALSE  0x221c4d0 Value: -0.985604,1.203,
,620,306,OpenGL_1.1,glDrawArrays,GL_TRIANGLES 0 36,0.92,
,621,307,GL_ARB_shader_objects,glUniformMatrix4fv,0 1 GL_FALSE  0x221c5f0 Value: -0.985604,1.227,
,622,307,OpenGL_1.1,glDrawArrays,GL_TRIANGLES 0 36,0.934,
,623,308,GL_ARB_shader_objects,glUniformMatrix4fv,0 1 GL_FALSE  0x221c710 Value: -0.985604,1.21,
,624,308,OpenGL_1.1,glDrawArrays,GL_TRIANGLES 0 36,0.922,
,625,309,GL_ARB_shader_objects,glUniformMatrix4fv,0 1 GL_FALSE  0x221c830 Value: -0.985604,1.202,
,626,309,OpenGL_1.1,glDrawArrays,GL_TRIANGLES 0 36,0.939,
,627,310,GL_ARB_shader_objects,glUniformMatrix4fv,0 1 GL_FALSE  0x221c950 Value: -0.985604,1.2,
,628,310,OpenGL_1.1,glDrawArrays,GL_TRIANGLES 0 36,0.92,
,629,311,GL_ARB_shader_objects,glUniformMatrix4fv,0 1 GL_FALSE  0x221ca70 Value: -0.985604,1.206,
,630,311,OpenGL_1.1,glDrawArrays,GL_TRIANGLES 0 36,0.92,
,631,312,GL_ARB_shader_objects,glUniformMatrix4fv,0 1 GL_FALSE  0x221cb90 Value: -0.985604,1.2,
,632,312,OpenGL_1.1,glDrawArrays,GL_TRIANGLES 0 36,0.921,
,633,313,GL_ARB_shader_objects,glUniformMatrix4fv,0 1 GL_FALSE  0x221ccb0 Value: -0.985604,1.205,
,634,313,OpenGL_1.1,glDrawArrays,GL_TRIANGLES 0 36,0.921,
,635,314,GL_ARB_shader_objects,glUniformMatrix4fv,0 1 GL_FALSE  0x221cdd0 Value: -0.985604,1.2,
,636,314,OpenGL_1.1,glDrawArrays,GL_TRIANGLES 0 36,0.934,
,637,315,GL_ARB_shader_objects,glUniformMatrix4fv,0 1 GL_FALSE  0x221cef0 Value: -0.985604,1.219,
,638,315,OpenGL_1.1,glDrawArrays,GL_TRIANGLES 0 36,0.922,
,639,316,GL_ARB_shader_objects,glUniformMatrix4fv,0 1 GL_FALSE  0x221d010 Value: -0.985604,1.205,
,640,316,OpenGL_1.1,glDrawArrays,GL_TRIANGLES 0 36,0.923,
,641,317,GL_ARB_shader_objects,glUniformMatrix4fv,0 1 GL_FALSE  0x221d130 Value: -0.985604,1.207,
,642,317,OpenGL_1.1,glDrawArrays,GL_TRIANGLES 0 36,0.92,
,643,318,GL_ARB_shader_objects,glUniformMatrix4fv,0 1 GL_FALSE  0x221d250 Value: -0.985604,1.198,
,644,318,OpenGL_1.1,glDrawArrays,GL_TRIANGLES 0 36,0.939,
,645,319,GL_ARB_shader_objects,glUniformMatrix4fv,0 1 GL_FALSE  0x221d370 Value: -0.985604,1.2,
,646,319,OpenGL_1.1,glDrawArrays,GL_TRIANGLES 0 36,0.92,
,647,320,GL_ARB_shader_objects,glUniformMatrix4fv,0 1 GL_FALSE  0x221d490 Value: -0.985604,1.201,
,648,320,OpenGL_1.1,glDrawArrays,GL_TRIANGLES 0 36,0.913,
,649,321,GL_ARB_shader_objects,glUniformMatrix4fv,0 1 GL_FALSE  0x221d5b0 Value: -0.985604,1.216,
,650,321,OpenGL_1.1,glDrawArrays,GL_TRIANGLES 0 36,0.92,
,651,322,GL_ARB_shader_objects,glUniformMatrix4fv,0 1 GL_FALSE  0x221d6d0 Value: -0.985604,1.201,
,652,322,OpenGL_1.1,glDrawArrays,GL_TRIANGLES 0 36,0.93,
,653,323,GL_ARB_shader_objects,glUniformMatrix4fv,0 1 GL_FALSE  0x221d7f0 Value: -0.985604,1.204,
,654,323,OpenGL_1.1,glDrawArrays,GL_TRIANGLES 0 36,0.947,
,655,324,GL_ARB_shader_objects,glUniformMatrix4fv,0 1 GL_FALSE  0x221d910 Value: -0.985604,1.219,
,656,324,OpenGL_1.1,glDrawArrays,GL_TRIANGLES 0 36,0.923,
,657,325,GL_ARB_shader_objects,glUniformMatrix4fv,0 1 GL_FALSE  0x221da30 Value: -0.985604,1.207,
,658,325,OpenGL_1.1,glDrawArrays,GL_TRIANGLES 0 36,0.912,
,659,326,GL_ARB_shader_objects,glUniformMatrix4fv,0 1 GL_FALSE  0x221db50 Value: -0.985604,1.2,
,660,326,OpenGL_1.1,glDrawArrays,GL_TRIANGLES 0 36,0.924,
,661,327,GL_ARB_shader_objects,glUniformMatrix4fv,0 1 GL_FALSE  0x221dc70 Value: -0.985604,1.235,
,662,327,OpenGL_1.1,glDrawArrays,GL_TRIANGLES 0 36,0.923,
,663,328,GL_ARB_shader_objects,glUniformMatrix4fv,0 1 GL_FALSE  0x221dd90 Value: -0.985604,1.232,
,664,328,OpenGL_1.1,glDrawArrays,GL_TRIANGLES 0 36,0.937,
,665,329,GL_ARB_shader_objects,glUniformMatrix4fv,0 1 GL_FALSE  0x221deb0 Value: -0.985604,1.204,
,666,329,OpenGL_1.1,glDrawArrays,GL_TRIANGLES 0 36,0.923,
,667,330,GL_ARB_shader_objects,glUniformMatrix4fv,0 1 GL_FALSE  0x221dfd0 Value: -0.985604,1.207,
,668,330,OpenGL_1.1,glDrawArrays,GL_TRIANGLES 0 36,0.92,
,669,331,GL_ARB_shader_objects,glUniformMatrix4fv,0 1 GL_FALSE  0x221e0f0 Value: -0.985604,1.213,
,670,331,OpenGL_1.1,glDrawArrays,GL_TRIANGLES 0 36,0.922,
,671,332,GL_ARB_shader_objects,glUniformMatrix4fv,0 1 GL_FALSE  0x221e210 Value: -0.985604,1.204,
,672,332,OpenGL_1.1,glDrawArrays,GL_TRIANGLES 0 36,0.921,
,673,333,GL_ARB_shader_objects,glUniformMatrix4fv,0 1 GL_FALSE  0x221e330 Value: -0.985604,1.204,
,674,333,OpenGL_1.1,glDrawArrays,GL_TRIANGLES 0 36,0.92,
,675,334,GL_ARB_shader_objects,glUniformMatrix4fv,0 1 GL_FALSE  0x221e450 Value: -0.985604,1.207,
,676,334,OpenGL_1.1,glDrawArrays,GL_TRIANGLES 0 36,0.937,
,677,335,GL_ARB_shader_objects,glUniformMatrix4fv,0 1 GL_FALSE  0x221e570 Value: -0.985604,1.2,
,678,335,OpenGL_1.1,glDrawArrays,GL_TRIANGLES 0 36,0.92,
,679,336,GL_ARB_shader_objects,glUniformMatrix4fv,0 1 GL_FALSE  0x221e690 Value: -0.985604,1.21,
,680,336,OpenGL_1.1,glDrawArrays,GL_TRIANGLES 0 36,0.92,
,681,337,GL_ARB_shader_objects,glUniformMatrix4fv,0 1 GL_FALSE  0x221e7b0 Value: -0.985604,1.21,
,682,337,OpenGL_1.1,glDrawArrays,GL_TRIANGLES 0 36,0.91,
,683,338,GL_ARB_shader_objects,glUniformMatrix4fv,0 1 GL_FALSE  0x221e8d0 Value: -0.985604,1.2,
,684,338,OpenGL_1.1,glDrawArrays,GL_TRIANGLES 0 36,0.92,
,685,339,GL_ARB_shader_objects,glUniformMatrix4fv,0 1 GL_FALSE  0x221e9f0 Value: -0.985604,1.24,
,686,339,OpenGL_1.1,glDrawArrays,GL_TRIANGLES 0 36,0.92,
,687,340,GL_ARB_shader_objects,glUniformMatrix4fv,0 1 GL_FALSE  0x221eb10 Value: -0.985604,1.21,
,688,340,OpenGL_1.1,glDrawArrays,GL_TRIANGLES 0 36,0.93,
,689,341,GL_ARB_shader_objects,glUniformMatrix4fv,0 1 GL_FALSE  0x221ec30 Value: -0.985604,1.21,
,690,341,OpenGL_1.1,glDrawArrays,GL_TRIANGLES 0 36,0.94,
,691,342,GL_ARB_shader_objects,glUniformMatrix4fv,0 1 GL_FALSE  0x221ed50 Value: -0.985604,1.18,
,692,342,OpenGL_1.1,glDrawArrays,GL_TRIANGLES 0 36,0.93,
,693,343,GL_ARB_shader_objects,glUniformMatrix4fv,0 1 GL_FALSE  0x221ee70 Value: -0.985604,1.22,
,694,343,OpenGL_1.1,glDrawArrays,GL_TRIANGLES 0 36,0.94,
,695,344,GL_ARB_shader_objects,glUniformMatrix4fv,0 1 GL_FALSE  0x221ef90 Value: -0.985604,1.21,
,696,344,OpenGL_1.1,glDrawArrays,GL_TRIANGLES 0 36,0.93,
,697,345,GL_ARB_shader_objects,glUniformMatrix4fv,0 1 GL_FALSE  0x221f0b0 Value: -0.985604,1.21,
,698,345,OpenGL_1.1,glDrawArrays,GL_TRIANGLES 0 36,0.92,
,699,346,GL_ARB_shader_objects,glUniformMatrix4fv,0 1 GL_FALSE  0x221f1d0 Value: -0.985604,1.2,
,700,346,OpenGL_1.1,glDrawArrays,GL_TRIANGLES 0 36,0.92,
,701,347,GL_ARB_shader_objects,glUniformMatrix4fv,0 1 GL_FALSE  0x221f330 Value: -0.985604,1.21,
,702,347,OpenGL_1.1,glDrawArrays,GL_TRIANGLES 0 36,0.93,
,703,348,GL_ARB_shader_objects,glUniformMatrix4fv,0 1 GL_FALSE  0x221f410 Value: -0.985604,1.2,
,704,348,OpenGL_1.1,glDrawArrays,GL_TRIANGLES 0 36,0.93,
,705,349,GL_ARB_shader_objects,glUniformMatrix4fv,0 1 GL_FALSE  0x221f540 Value: -0.985604,1.21,
,706,349,OpenGL_1.1,glDrawArrays,GL_TRIANGLES 0 36,0.92,
,707,350,GL_ARB_shader_objects,glUniformMatrix4fv,0 1 GL_FALSE  0x221f660 Value: -0.985604,1.2,
,708,350,OpenGL_1.1,glDrawArrays,GL_TRIANGLES 0 36,0.92,
,709,351,GL_ARB_shader_objects,glUniformMatrix4fv,0 1 GL_FALSE  0x221f780 Value: -0.985604,1.2,
,710,351,OpenGL_1.1,glDrawArrays,GL_TRIANGLES 0 36,0.93,
,711,352,GL_ARB_shader_objects,glUniformMatrix4fv,0 1 GL_FALSE  0x221f8a0 Value: -0.985604,1.2,
,712,352,OpenGL_1.1,glDrawArrays,GL_TRIANGLES 0 36,0.91,
,713,353,GL_ARB_shader_objects,glUniformMatrix4fv,0 1 GL_FALSE  0x221f9c0 Value: -0.985604,1.24,
,714,353,OpenGL_1.1,glDrawArrays,GL_TRIANGLES 0 36,0.92,
,715,354,GL_ARB_shader_objects,glUniformMatrix4fv,0 1 GL_FALSE  0x221fae0 Value: -0.985604,1.21,
,716,354,OpenGL_1.1,glDrawArrays,GL_TRIANGLES 0 36,0.93,
,717,355,GL_ARB_shader_objects,glUniformMatrix4fv,0 1 GL_FALSE  0x221fc00 Value: -0.985604,1.22,
,718,355,OpenGL_1.1,glDrawArrays,GL_TRIANGLES 0 36,0.92,
,719,356,GL_ARB_shader_objects,glUniformMatrix4fv,0 1 GL_FALSE  0x221fd20 Value: -0.985604,1.2,
,720,356,OpenGL_1.1,glDrawArrays,GL_TRIANGLES 0 36,0.92,
,721,357,GL_ARB_shader_objects,glUniformMatrix4fv,0 1 GL_FALSE  0x221fe40 Value: -0.985604,1.21,
,722,357,OpenGL_1.1,glDrawArrays,GL_TRIANGLES 0 36,0.95,
,723,358,GL_ARB_shader_objects,glUniformMatrix4fv,0 1 GL_FALSE  0x221ff60 Value: -0.985604,1.22,
,724,358,OpenGL_1.1,glDrawArrays,GL_TRIANGLES 0 36,0.92,
,725,359,GL_ARB_shader_objects,glUniformMatrix4fv,0 1 GL_FALSE  0x2220080 Value: -0.985604,1.21,
,726,359,OpenGL_1.1,glDrawArrays,GL_TRIANGLES 0 36,0.91,
,727,360,GL_ARB_shader_objects,glUniformMatrix4fv,0 1 GL_FALSE  0x22201a0 Value: -0.985604,1.2,
,728,360,OpenGL_1.1,glDrawArrays,GL_TRIANGLES 0 36,0.92,
,729,361,GL_ARB_shader_objects,glUniformMatrix4fv,0 1 GL_FALSE  0x22202c0 Value: -0.985604,1.21,
,730,361,OpenGL_1.1,glDrawArrays,GL_TRIANGLES 0 36,0.95,
,731,362,GL_ARB_shader_objects,glUniformMatrix4fv,0 1 GL_FALSE  0x22203e0 Value: -0.985604,1.2,
,732,362,OpenGL_1.1,glDrawArrays,GL_TRIANGLES 0 36,0.93,
,733,363,GL_ARB_shader_objects,glUniformMatrix4fv,0 1 GL_FALSE  0x2220500 Value: -0.985604,1.24,
,734,363,OpenGL_1.1,glDrawArrays,GL_TRIANGLES 0 36,0.92,
,735,364,GL_ARB_shader_objects,glUniformMatrix4fv,0 1 GL_FALSE  0x2220620 Value: -0.985604,1.2,
,736,364,OpenGL_1.1,glDrawArrays,GL_TRIANGLES 0 36,0.94,
,737,365,GL_ARB_shader_objects,glUniformMatrix4fv,0 1 GL_FALSE  0x2220740 Value: -0.985604,21.87,
,738,365,OpenGL_1.1,glDrawArrays,GL_TRIANGLES 0 36,1.48,
,739,366,GL_ARB_shader_objects,glUniformMatrix4fv,0 1 GL_FALSE  0x2220860 Value: -0.985604,1.32,
,740,366,OpenGL_1.1,glDrawArrays,GL_TRIANGLES 0 36,0.95,
,741,367,GL_ARB_shader_objects,glUniformMatrix4fv,0 1 GL_FALSE  0x2220980 Value: -0.985604,11.14,
,742,367,OpenGL_1.1,glDrawArrays,GL_TRIANGLES 0 36,0.9,
,743,368,GL_ARB_shader_objects,glUniformMatrix4fv,0 1 GL_FALSE  0x2220aa0 Value: -0.985604,1.18,
,744,368,OpenGL_1.1,glDrawArrays,GL_TRIANGLES 0 36,0.9,
,745,369,GL_ARB_shader_objects,glUniformMatrix4fv,0 1 GL_FALSE  0x2220bc0 Value: -0.985604,1.18,
,746,369,OpenGL_1.1,glDrawArrays,GL_TRIANGLES 0 36,0.91,
,747,370,GL_ARB_shader_objects,glUniformMatrix4fv,0 1 GL_FALSE  0x2220ce0 Value: -0.985604,1.18,
,748,370,OpenGL_1.1,glDrawArrays,GL_TRIANGLES 0 36,0.91,
,749,371,GL_ARB_shader_objects,glUniformMatrix4fv,0 1 GL_FALSE  0x2220e00 Value: -0.985604,10.25,
,750,371,OpenGL_1.1,glDrawArrays,GL_TRIANGLES 0 36,0.88,
,751,372,GL_ARB_shader_objects,glUniformMatrix4fv,0 1 GL_FALSE  0x2220f20 Value: -0.985604,1.15,
,752,372,OpenGL_1.1,glDrawArrays,GL_TRIANGLES 0 36,0.88,
,753,373,GL_ARB_shader_objects,glUniformMatrix4fv,0 1 GL_FALSE  0x2221040 Value: -0.985604,1.15,
,754,373,OpenGL_1.1,glDrawArrays,GL_TRIANGLES 0 36,0.89,
,755,374,GL_ARB_shader_objects,glUniformMatrix4fv,0 1 GL_FALSE  0x2221160 Value: -0.985604,1.16,
,756,374,OpenGL_1.1,glDrawArrays,GL_TRIANGLES 0 36,0.88,
,757,375,GL_ARB_shader_objects,glUniformMatrix4fv,0 1 GL_FALSE  0x2221280 Value: -0.985604,1.15,
,758,375,OpenGL_1.1,glDrawArrays,GL_TRIANGLES 0 36,0.89,
,759,376,GL_ARB_shader_objects,glUniformMatrix4fv,0 1 GL_FALSE  0x22213a0 Value: -0.985604,1.15,
,760,376,OpenGL_1.1,glDrawArrays,GL_TRIANGLES 0 36,0.9,
,761,377,GL_ARB_shader_objects,glUniformMatrix4fv,0 1 GL_FALSE  0x22214c0 Value: -0.985604,1.15,
,762,377,OpenGL_1.1,glDrawArrays,GL_TRIANGLES 0 36,0.88,
,763,378,GL_ARB_shader_objects,glUniformMatrix4fv,0 1 GL_FALSE  0x22215e0 Value: -0.985604,1.14,
,764,378,OpenGL_1.1,glDrawArrays,GL_TRIANGLES 0 36,0.88,
,765,379,GL_ARB_shader_objects,glUniformMatrix4fv,0 1 GL_FALSE  0x2221700 Value: -0.985604,1.15,
,766,379,OpenGL_1.1,glDrawArrays,GL_TRIANGLES 0 36,0.88,
,767,380,GL_ARB_shader_objects,glUniformMatrix4fv,0 1 GL_FALSE  0x2221820 Value: -0.985604,1.16,
,768,380,OpenGL_1.1,glDrawArrays,GL_TRIANGLES 0 36,0.9,
,769,381,GL_ARB_shader_objects,glUniformMatrix4fv,0 1 GL_FALSE  0x2221940 Value: -0.985604,1.16,
,770,381,OpenGL_1.1,glDrawArrays,GL_TRIANGLES 0 36,0.88,
,771,382,GL_ARB_shader_objects,glUniformMatrix4fv,0 1 GL_FALSE  0x2221a60 Value: -0.985604,1.17,
,772,382,OpenGL_1.1,glDrawArrays,GL_TRIANGLES 0 36,0.88,
,773,383,GL_ARB_shader_objects,glUniformMatrix4fv,0 1 GL_FALSE  0x2221b80 Value: -0.985604,1.15,
,774,383,OpenGL_1.1,glDrawArrays,GL_TRIANGLES 0 36,0.88,
,775,384,GL_ARB_shader_objects,glUniformMatrix4fv,0 1 GL_FALSE  0x2221ca0 Value: -0.985604,1.18,
,776,384,OpenGL_1.1,glDrawArrays,GL_TRIANGLES 0 36,0.89,
,777,385,GL_ARB_shader_objects,glUniformMatrix4fv,0 1 GL_FALSE  0x2221dc0 Value: -0.985604,1.15,
,778,385,OpenGL_1.1,glDrawArrays,GL_TRIANGLES 0 36,0.88,
,779,386,GL_ARB_shader_objects,glUniformMatrix4fv,0 1 GL_FALSE  0x2221ee0 Value: -0.985604,1.15,
,780,386,OpenGL_1.1,glDrawArrays,GL_TRIANGLES 0 36,0.89,
,781,387,GL_ARB_shader_objects,glUniformMatrix4fv,0 1 GL_FALSE  0x2222000 Value: -0.985604,1.15,
,782,387,OpenGL_1.1,glDrawArrays,GL_TRIANGLES 0 36,0.88,
,783,388,GL_ARB_shader_objects,glUniformMatrix4fv,0 1 GL_FALSE  0x2222120 Value: -0.985604,1.16,
,784,388,OpenGL_1.1,glDrawArrays,GL_TRIANGLES 0 36,0.9,
,785,389,GL_ARB_shader_objects,glUniformMatrix4fv,0 1 GL_FALSE  0x2222240 Value: -0.985604,1.16,
,786,389,OpenGL_1.1,glDrawArrays,GL_TRIANGLES 0 36,0.88,
,787,390,GL_ARB_shader_objects,glUniformMatrix4fv,0 1 GL_FALSE  0x2222360 Value: -0.985604,1.15,
,788,390,OpenGL_1.1,glDrawArrays,GL_TRIANGLES 0 36,0.88,
,789,391,GL_ARB_shader_objects,glUniformMatrix4fv,0 1 GL_FALSE  0x2222480 Value: -0.985604,1.15,
,790,391,OpenGL_1.1,glDrawArrays,GL_TRIANGLES 0 36,0.88,
,791,392,GL_ARB_shader_objects,glUniformMatrix4fv,0 1 GL_FALSE  0x22225a0 Value: -0.985604,1.15,
,792,392,OpenGL_1.1,glDrawArrays,GL_TRIANGLES 0 36,0.91,
,793,393,GL_ARB_shader_objects,glUniformMatrix4fv,0 1 GL_FALSE  0x22226c0 Value: -0.985604,1.16,
,794,393,OpenGL_1.1,glDrawArrays,GL_TRIANGLES 0 36,0.9,
,795,394,GL_ARB_shader_objects,glUniformMatrix4fv,0 1 GL_FALSE  0x22227e0 Value: -0.985604,1.16,
,796,394,OpenGL_1.1,glDrawArrays,GL_TRIANGLES 0 36,0.88,
,797,395,GL_ARB_shader_objects,glUniformMatrix4fv,0 1 GL_FALSE  0x2222900 Value: -0.985604,1.15,
,798,395,OpenGL_1.1,glDrawArrays,GL_TRIANGLES 0 36,0.88,
,799,396,GL_ARB_shader_objects,glUniformMatrix4fv,0 1 GL_FALSE  0x2222a20 Value: -0.985604,1.15,
,800,396,OpenGL_1.1,glDrawArrays,GL_TRIANGLES 0 36,0.89,
,801,397,GL_ARB_shader_objects,glUniformMatrix4fv,0 1 GL_FALSE  0x2222b80 Value: -0.985604,1.14,
,802,397,OpenGL_1.1,glDrawArrays,GL_TRIANGLES 0 36,0.9,
,803,398,GL_ARB_shader_objects,glUniformMatrix4fv,0 1 GL_FALSE  0x2222c60 Value: -0.985604,1.16,
,804,398,OpenGL_1.1,glDrawArrays,GL_TRIANGLES 0 36,0.88,
,805,399,GL_ARB_shader_objects,glUniformMatrix4fv,0 1 GL_FALSE  0x2222d90 Value: -0.985604,1.14,
,806,399,OpenGL_1.1,glDrawArrays,GL_TRIANGLES 0 36,0.88,
,807,400,GL_ARB_shader_objects,glUniformMatrix4fv,0 1 GL_FALSE  0x2222eb0 Value: -0.985604,1.15,
,808,400,OpenGL_1.1,glDrawArrays,GL_TRIANGLES 0 36,0.89,
,809,401,GL_ARB_shader_objects,glUniformMatrix4fv,0 1 GL_FALSE  0x2222fd0 Value: -0.985604,1.15,
,810,401,OpenGL_1.1,glDrawArrays,GL_TRIANGLES 0 36,0.9,
,811,402,GL_ARB_framebuffer_object,glBindFramebuffer,GL_READ_FRAMEBUFFER 1,3.35,
,812,402,GL_ARB_framebuffer_object,glBindFramebuffer,GL_DRAW_FRAMEBUFFER 0,1.26,
,813,402,GL_ARB_framebuffer_object,glBindFramebuffer,GL_FRAMEBUFFER 0,1.02,
,814,402,GL_ARB_vertex_array_object,glBindVertexArray,2,0.92,
,815,402,OpenGL_1.0,glDisable,GL_DEPTH_TEST,0.86,
,816,402,GL_ARB_shader_objects,glUseProgram,8,2.54,
,817,402,GL_ARB_multitexture,glActiveTexture,GL_TEXTURE0,0.69,
,818,402,OpenGL_1.1,glBindTexture,GL_TEXTURE_2D 2,1.1,
,819,402,OpenGL_1.0,glViewport,0 0 800 800,1.54,
,820,402,OpenGL_1.1,glDrawArrays,GL_TRIANGLES 0 6,27.98,
,821,403,glX,glXSwapBuffers,0x1b6abb0 0x400000a,1.11,
